Молчанова|Анжелика|Юльевна|1949-02-04|ж|+7 629 566 69 08|sokolovsimon@example.com
Герасимова|Оксана|Тимофеевна|1977-01-14|ж|8 795 878 15 01|platon_1994@example.net
Горбунова|Агата|Феликсовна|1942-09-17|ж|+7 (113) 698-60-92|krilovtit@example.net
Савельев|Автоном|Евсеевич|1980-06-25|м|8 131 483 05 62|fominazari@example.org
Герасимов|Галактион|Гертрудович|1951-10-25|м|8 040 863 65 58|kapitonpanfilov@example.net
Авдеев|Парамон|Ааронович|1963-08-22|м|8 (166) 363-2303|varfolome_12@example.net
Галкина|Лидия|Вадимовна|1949-06-25|ж|+7 553 580 8622|maslovartemi@example.org
Мишина|Зоя|Викторовна|1981-02-05|ж|+79335886087|porfiri68@example.org
Лаврентьев|Лонгин|Теймуразович|1965-07-04|м|81889211502|nadezhda96@example.net
Галкин|Валентин|Фёдорович|1954-10-20|м|82597262653|samsonovelise@example.org
Степанов|Демьян|Герасимович|1942-03-08|м|+7 130 848 96 40|oleg_1996@example.net
Шарова|Лидия|Сергеевна|1965-01-26|ж|+7 453 865 47 42|oleg_1995@example.com
Савина|Анна|Ивановна|1977-05-17|ж|+7 374 290 0378|georgi1970@example.com
Горшков|Милен|Гавриилович|1997-02-04|м|+7 729 565 98 31|dobroslav_34@example.org
Красильников|Ярополк|Елизарович|1990-02-11|м|8 (399) 259-2914|vladilen_04@example.org
Фадеева|Лукия|Филипповна|1978-09-30|ж|8 (368) 547-06-46|hariton_58@example.org
Кудряшова|Ия|Артемовна|1986-02-15|ж|80756870750|ljubov_72@example.org
Лыткин|Феоктист|Жоресович|1985-10-29|м|81739368080|trifon55@example.org
Ермакова|Жанна|Наумовна|1993-07-18|ж|+7 (040) 409-36-44|ponomarevaverki@example.net
Котова|Агафья|Романовна|1974-01-24|ж|8 (374) 039-72-57|korolevamilitsa@example.net
Русакова|Алла|Альбертовна|1944-04-25|ж|89405014629|velimir43@example.net
Лаврентьева|Анастасия|Аркадьевна|1949-06-27|ж|8 924 653 2093|isa_24@example.org
Ильин|Виктор|Еремеевич|1962-05-16|м|+7 577 519 73 09|ignatovalora@example.org
Калашникова|Вероника|Святославовна|1951-01-05|ж|8 (009) 652-6096|fedosi39@example.com
Богданов|Евлампий|Евсеевич|1948-02-29|м|+7 802 746 6409|kallistrat14@example.com
Владимиров|Мина|Игнатович|1983-11-14|м|82972913673|ivan_2016@example.net
Власов|Ростислав|Исидорович|1951-01-09|м|8 (935) 172-6119|vorobevaregina@example.com
Евсеев|Автоном|Егорович|1973-02-17|м|+7 (992) 843-43-34|viktor_92@example.com
Русакова|Кира|Леоновна|1994-08-26|ж|+7 (272) 116-2463|burovaeleonora@example.org
Лаврентьева|Людмила|Валериевна|1962-08-07|ж|+7 (405) 513-18-69|lihachevazhanna@example.org
Якушева|Любовь|Никифоровна|1967-06-23|ж|8 849 900 7234|orlovafanasi@example.com
Лукина|Екатерина|Леонидовна|1980-11-24|ж|8 548 653 7051|anzhela15@example.net
Воробьева|Светлана|Тарасовна|1944-10-09|ж|8 (365) 735-06-34|bdjachkov@example.com
Матвеев|Аркадий|Абрамович|1991-04-11|м|8 782 261 5067|fedot53@example.org
Крюков|Ювеналий|Фомич|1944-01-14|м|+7 467 174 0484|semenovaelizaveta@example.com
Федотова|Виктория|Рудольфовна|1971-07-04|ж|8 (325) 815-23-99|ziminisa@example.com
Зимина|Алина|Натановна|1970-06-17|ж|+7 (450) 881-96-72|knjazevamos@example.com
Соловьев|Спиридон|Феликсович|1993-08-10|м|+77368867046|pavelpotapov@example.net
Якушева|Ираида|Антоновна|1987-07-26|ж|+7 (744) 632-6686|miron_1984@example.net
Горбачева|Ирина|Ждановна|1984-07-17|ж|8 (771) 770-4837|solovevvaleri@example.org
Потапов|Митофан|Артемьевич|1970-07-29|м|+7 958 082 7114|turovstojan@example.com
Фокина|Марина|Анатольевна|1957-01-17|ж|+76775713162|potapovanatoli@example.org
Савин|Лучезар|Брониславович|1983-09-15|м|+7 (962) 781-7729|golubevmstislav@example.org
Воробьева|Марфа|Рудольфовна|1980-01-14|ж|+73443033484|aksenovernest@example.com
Ефремов|Владислав|Елисеевич|1996-05-10|м|+7 915 565 77 45|minavorontsov@example.org
Ситникова|Дарья|Руслановна|1997-07-12|ж|+7 (184) 692-25-24|ivan_1996@example.org
Фомин|Вениамин|Виленович|1996-04-29|м|+7 (606) 976-1142|lobanovairina@example.net
Авдеев|Станислав|Адрианович|1982-12-05|м|+7 (410) 243-14-87|ermakovbronislav@example.org
Михайлов|Будимир|Харламович|1942-08-17|м|+70710001988|gavrilovboris@example.net
Шарова|Вероника|Семеновна|1958-10-04|ж|88821449378|pankratidanilov@example.net
Алексеева|Зинаида|Даниловна|1973-12-07|ж|+7 (889) 493-49-95|xgalkin@example.net
Лазарев|Эраст|Ефремович|1995-06-09|м|+7 (787) 797-1172|kiselevjaropolk@example.com
Панфилова|Анжелика|Ждановна|1973-02-25|ж|+74555760057|nosovfirs@example.org
Потапова|Антонина|Захаровна|1954-01-29|ж|+78834519610|andron_1982@example.com
Богданова|Василиса|Львовна|1996-12-24|ж|8 (886) 762-8479|longin_95@example.net
Крюкова|Надежда|Егоровна|1962-12-31|ж|+7 638 116 73 38|ignati_1998@example.net
Новикова|Александра|Анатольевна|1974-11-02|ж|80098877000|volkovfedor@example.net
Быков|Николай|Изотович|1989-10-03|м|80970232170|radovan1987@example.com
Савина|Нонна|Андреевна|1959-08-25|ж|8 873 961 52 34|rodionovaemilija@example.org
Фролов|Харлампий|Гавриилович|1948-06-23|м|8 (180) 482-4160|knjazevaregina@example.org
Лобанов|Павел|Феликсович|1942-11-17|м|8 (569) 674-43-07|fokinserge@example.net
Щукин|Пров|Августович|1940-12-10|м|8 (403) 953-58-40|vsubbotin@example.net
Ермаков|Аристарх|Иларионович|1985-02-10|м|+74100531453|popovbogdan@example.com
Белов|Амвросий|Ермилович|1944-03-24|м|87924426945|kuprijandementev@example.org
Евдокимов|Сигизмунд|Димитриевич|1955-09-10|м|+7 (906) 759-22-72|visheslav_14@example.com
Игнатова|Фаина|Вячеславовна|1965-10-23|ж|8 (751) 185-8859|tretjakovaverjan@example.net
Русаков|Игорь|Дорофеевич|1941-04-21|м|8 062 413 1149|valeri_2018@example.net
Уваров|Петр|Антипович|1961-02-22|м|+72259665168|timofeevkarl@example.com
Яковлева|Элеонора|Максимовна|1992-03-24|ж|8 (963) 028-3576|solomon_2007@example.org
Терентьева|Нинель|Геннадьевна|1983-07-04|ж|+7 273 059 78 75|matveevolimpi@example.org
Кириллова|Ульяна|Матвеевна|1964-11-20|ж|8 (041) 629-9041|demid_86@example.com
Большаков|Азарий|Андреевич|1966-12-07|м|8 115 278 7218|gushchinaevpraksija@example.org
Фомина|Майя|Вениаминовна|1986-10-27|ж|86920640691|grigorevsamuil@example.com
Ершова|Вероника|Альбертовна|1998-09-20|ж|+7 (297) 120-07-35|sokolovasofija@example.org
Назаров|Геннадий|Феоктистович|1991-09-12|м|80550732659|arefilazarev@example.net
Ширяев|Климент|Иларионович|1956-08-21|м|8 735 514 14 71|jaroslav_2019@example.net
Семенова|Нинель|Болеславовна|1977-12-01|ж|8 295 858 6926|eliseanisimov@example.com
Мясников|Рюрик|Валерьянович|1950-12-16|м|8 172 230 57 95|haritonovstepan@example.com
Брагина|Глафира|Руслановна|1978-10-29|ж|+71161030517|artem69@example.org
Шилова|Тамара|Захаровна|1988-07-12|ж|8 (356) 588-4577|qmedvedev@example.net
Самсонов|Бронислав|Валентинович|1968-10-06|м|86331851817|artemevnatan@example.net
Никонова|Нонна|Ждановна|1961-09-21|ж|+78026055084|kostinanisim@example.com
Лыткина|Акулина|Александровна|1987-07-14|ж|+72222919770|nikita_1986@example.net
Мишин|Афанасий|Бенедиктович|1959-01-27|м|86210749909|varfolomemartinov@example.com
Брагина|Раиса|Феликсовна|1952-12-05|ж|+7 036 902 00 97|izjaslavfrolov@example.net
Шубина|Варвара|Вадимовна|1979-03-13|ж|8 934 104 82 21|alekseevvikenti@example.com
Дорофеев|Серафим|Фомич|1972-03-27|м|8 (582) 826-09-57|prohorovairina@example.com
Веселова|Вероника|Макаровна|1979-07-08|ж|+7 (442) 802-1790|luka74@example.org
Бобылева|Нонна|Руслановна|1992-05-15|ж|+74065490609|panfil2006@example.net
Соболев|Леонид|Филиппович|1976-08-13|м|+71481210545|eliseevvasili@example.net
Максимов|Филарет|Бенедиктович|1942-07-30|м|+7 893 305 0982|feliks_08@example.com
Брагина|Ираида|Рудольфовна|1984-08-14|ж|8 (578) 635-68-15|evstafi_62@example.net
Афанасьев|Лазарь|Ерофеевич|1947-04-16|м|+7 594 451 4840|moiseevipati@example.net
Козлова|Галина|Васильевна|1966-11-25|ж|8 715 485 86 09|denisovdmitri@example.com
Кузнецов|Иван|Елизарович|1966-02-11|м|+7 (206) 794-4780|feliks2013@example.org
Брагин|Гурий|Теймуразович|2000-10-03|м|8 (114) 109-6344|vladislavdmitriev@example.net
Петухов|Милен|Валерьянович|1945-06-23|м|8 902 391 0674|florentin_2016@example.net
Лазарев|Азарий|Геннадиевич|1994-05-15|м|+7 (335) 743-33-13|zhanna70@example.net
Лобанова|Анна|Вячеславовна|1941-03-20|ж|8 (547) 895-93-66|valentina83@example.com
Дьячкова|Марина|Антоновна|1993-07-15|ж|+7 140 376 74 38|kulikovsavva@example.com
Боброва|Марфа|Вениаминовна|1986-12-06|ж|86234599239|fblohin@example.org
Новикова|Ксения|Максимовна|1975-11-27|ж|+7 442 343 62 01|belozerovkonstantin@example.org
Горшкова|Агата|Владиславовна|1995-06-15|ж|8 850 034 49 98|fkostin@example.com
Корнилова|Агата|Ефимовна|1961-07-09|ж|+7 340 932 82 12|selivan_2017@example.com
Евдокимов|Потап|Власович|1968-02-02|м|+7 (747) 665-54-33|dpopov@example.org
Максимов|Селиван|Федотович|1977-01-25|м|8 112 731 4789|poljakovbojan@example.com
Медведев|Пров|Теймуразович|1978-11-17|м|8 650 460 6822|antonina1975@example.com
Васильева|Галина|Дмитриевна|1965-06-26|ж|+7 (496) 713-4866|vladlen_36@example.com
Зимина|Нонна|Антоновна|1972-09-21|ж|8 976 218 06 31|borislav03@example.org
Попова|Наталья|Яковлевна|1956-09-13|ж|+7 (567) 060-2140|venediktguljaev@example.org
Большакова|Вероника|Даниловна|1952-07-28|ж|+7 540 099 83 55|tretjakovladimir@example.net
Кононов|Афанасий|Борисович|1953-02-09|м|8 679 529 8533|kulaginfedosi@example.net
Белов|Кирилл|Ааронович|1973-07-23|м|8 732 289 14 60|popovazhanna@example.com
Владимирова|Евпраксия|Владиславовна|1943-08-08|ж|8 072 566 9907|dementi_2012@example.com
Исаев|Потап|Елисеевич|1949-11-30|м|+7 891 409 26 98|nesterovantonin@example.org
Миронова|Жанна|Владиславовна|1971-09-10|ж|+7 (901) 332-8808|izjaslav_2000@example.org
Мартынова|Майя|Захаровна|1959-04-12|ж|+70679160890|iosifsavin@example.org
Казакова|Клавдия|Юльевна|1956-01-09|ж|+7 (045) 369-47-10|dobromisl_1995@example.net
Исакова|Нина|Николаевна|1991-02-10|ж|8 937 822 3387|andronikstrelkov@example.net
Савельев|Андроник|Венедиктович|1979-01-17|м|+71079250130|izmail56@example.net
Овчинникова|Иванна|Наумовна|1994-01-23|ж|8 (490) 582-8404|kabanovapolina@example.net
Мухин|Антонин|Артурович|1979-02-05|м|+7 846 539 8054|gmolchanov@example.net
Овчинникова|Ангелина|Валентиновна|1958-10-21|ж|+7 245 691 92 71|zikovauljana@example.net
Бирюков|Велимир|Юльевич|1964-01-29|м|+72865742085|anna_2003@example.org
Мартынов|Анатолий|Валерьевич|1974-08-19|м|+7 (445) 526-39-32|ilavrentev@example.com
Терентьева|Синклитикия|Степановна|1957-12-05|ж|87832443219|cartemev@example.com
Ефимов|Мирон|Всеволодович|1985-11-29|м|+75959898899|chernovaanzhela@example.org
Карпова|Дарья|Мироновна|1961-01-17|ж|+75032983039|milovan27@example.net
Нестеров|Юлий|Ермилович|1944-06-06|м|+7 (967) 917-0245|baranovdemid@example.org
Рожкова|Агафья|Натановна|1999-08-11|ж|8 (908) 991-0947|akalashnikova@example.net
Ситникова|Агафья|Львовна|1988-09-29|ж|87557046754|olimpifadeev@example.org
Попова|Фёкла|Кирилловна|1979-03-26|ж|+7 (235) 669-6946|gennadi_2013@example.net
Ковалев|Харлампий|Денисович|1950-10-18|м|+7 098 712 24 40|nina_60@example.org
Лебедева|Прасковья|Геннадиевна|1971-09-18|ж|8 381 070 6129|maksim2005@example.org
Бурова|Елизавета|Тимуровна|1964-12-26|ж|8 707 579 75 58|guljaevgerman@example.com
Большаков|Лев|Анатольевич|1997-08-21|м|+7 766 547 01 34|mihe_2016@example.net
Герасимов|Феоктист|Эдгардович|1982-05-24|м|8 (840) 519-29-78|ekaterina81@example.com
Никитина|Зоя|Борисовна|1995-04-24|ж|8 (430) 562-50-83|gorde_2015@example.org
Гришин|Карл|Ильич|1986-06-22|м|+77139087588|vinogradovalukija@example.com
Ефремов|Никон|Устинович|1945-12-01|м|8 728 609 2856|selivan1998@example.net
Федосеева|Галина|Захаровна|1950-10-22|ж|+7 602 629 8609|sergeevalukija@example.net
Большаков|Автоном|Денисович|1967-08-29|м|+7 935 029 9700|visheslav01@example.net
Гусев|Юрий|Федосеевич|1963-10-09|м|+7 (801) 570-31-86|anatoli02@example.com
Красильникова|Татьяна|Рубеновна|1955-04-23|ж|8 383 034 48 07|grigori1977@example.com
Волкова|Ирина|Ильинична|1995-11-09|ж|8 152 608 92 11|ratmirkondratev@example.net
Семенов|Наум|Евстигнеевич|1978-08-09|м|+7 (143) 226-0857|maksim_1992@example.org
Субботина|Ираида|Яковлевна|1957-05-02|ж|8 (111) 161-2396|hbirjukova@example.com
Тетерин|Фортунат|Аверьянович|1944-08-07|м|8 529 576 81 23|serge_55@example.org
Молчанов|Конон|Венедиктович|1992-10-02|м|+7 (477) 979-87-20|doroninmstislav@example.com
Ситникова|Любовь|Вениаминовна|1944-08-13|ж|8 316 317 9616|bisakova@example.net
Дмитриев|Анисим|Ануфриевич|1948-05-23|м|89177267122|muhinnikita@example.com
Носков|Серафим|Ярославович|1965-09-18|м|86290014490|volkovnifont@example.org
Кириллова|Вера|Ниловна|1991-03-30|ж|8 (488) 119-6853|januari_2019@example.com
Емельянова|Оксана|Мироновна|2000-01-11|ж|+7 789 700 00 61|vadimlapin@example.com
Кабанов|Феофан|Гаврилович|1959-10-27|м|8 021 078 3743|efremovsolomon@example.org
Селезнева|Регина|Петровна|1986-09-23|ж|+7 633 892 90 36|ignati_2010@example.net
Федотова|Евдокия|Михайловна|1995-10-11|ж|8 (092) 351-27-62|kornil10@example.org
Терентьев|Ермил|Федотович|1979-07-06|м|+7 (683) 900-27-79|sharapovnarkis@example.com
Колесникова|Фаина|Богдановна|1962-07-13|ж|+7 (346) 318-26-81|dementevspartak@example.org
Молчанова|Кира|Вениаминовна|1996-02-26|ж|8 951 547 68 54|viktorija70@example.net
Кабанов|Венедикт|Ермилович|1953-06-06|м|8 (346) 732-63-95|kudrjashovairaida@example.org
Лапин|Варлаам|Филатович|1982-02-08|м|8 708 325 59 96|pankrati_1974@example.net
Игнатова|Василиса|Егоровна|1944-05-14|ж|+7 (677) 877-02-45|svjatopolk2011@example.org
Коновалов|Олимпий|Адрианович|1989-12-08|м|8 (318) 262-08-09|iosifjakovlev@example.com
Доронина|Елена|Эдуардовна|1957-09-28|ж|8 (754) 342-6264|ilinlukjan@example.com
Матвеев|Кузьма|Власович|1960-04-02|м|+7 821 714 2736|sidorovmark@example.org
Матвеева|Дарья|Павловна|1971-05-07|ж|8 861 019 7596|dementi1978@example.net
Родионова|Евдокия|Кирилловна|1986-08-10|ж|8 (205) 745-5090|vsevolod_1978@example.net
Щербаков|Поликарп|Валерьянович|1997-07-01|м|+76589660285|ljubov30@example.com
Гущина|Марфа|Владимировна|1951-09-24|ж|8 (210) 551-93-04|vadimabramov@example.com
Баранова|Любовь|Антоновна|1969-12-17|ж|+7 940 489 0574|semen61@example.org
Давыдов|Аполлон|Ильич|1949-04-30|м|8 (379) 585-15-33|grishinaevdokija@example.net
Мартынова|Тамара|Мироновна|1952-03-23|ж|+7 751 218 8801|kiselevjakov@example.org
Смирнов|Фома|Ермолаевич|1942-01-19|м|8 658 986 5743|hkolobova@example.net
Белозеров|Амос|Игнатович|1961-05-31|м|8 (413) 866-1207|ipatgorshkov@example.net
Антонов|Ярослав|Ефстафьевич|1960-11-08|м|8 (586) 933-2285|kturova@example.org
Петухов|Ефим|Феофанович|1988-07-04|м|8 122 873 0604|ignatovaklavdija@example.org
Абрамов|Сидор|Тарасович|1940-12-10|м|+7 (844) 359-0241|svjatopolksisoev@example.net
Зимина|Агафья|Тимофеевна|1975-04-22|ж|83439711522|viktor_1988@example.com
Медведева|Лидия|Захаровна|1982-03-14|ж|+7 (244) 355-2522|arseni_2019@example.org
Якушева|Элеонора|Филипповна|1984-01-25|ж|87085550696|kabanovarseni@example.net
Громов|Добромысл|Теймуразович|1975-08-07|м|+7 (825) 999-3936|kononovnikodim@example.com
Данилова|Валентина|Афанасьевна|1981-11-07|ж|+7 (962) 801-1475|nadezhda2008@example.net
Гаврилова|Ия|Андреевна|1981-06-05|ж|+7 (897) 796-1556|chernovaalevtina@example.com
Зиновьева|Раиса|Тарасовна|1992-03-29|ж|8 (918) 539-9437|odoronin@example.com
Игнатов|Юрий|Фёдорович|1973-08-24|м|+7 167 300 08 97|valentingorbachev@example.org
Новиков|Арефий|Анисимович|1952-04-06|м|8 (391) 255-6487|fevronija_2010@example.net
Лукина|Евгения|Натановна|1989-11-13|ж|+7 382 138 0269|seleznevnikandr@example.net
Анисимова|Алина|Альбертовна|1993-01-12|ж|+7 361 698 7120|arhip_33@example.org
Бобров|Харлампий|Аверьянович|1960-08-13|м|+7 (444) 356-23-19|isakovvatslav@example.org
Савельев|Амвросий|Исидорович|1986-10-22|м|+76997293132|terentevkallistrat@example.org
Баранова|Милица|Натановна|1949-06-28|ж|+7 406 645 8085|kornil1990@example.com
Лапина|Кира|Станиславовна|1972-09-29|ж|8 (500) 427-69-22|aksenovamaja@example.com
Бирюкова|Елизавета|Анатольевна|1999-03-04|ж|8 994 054 95 37|lidija1993@example.net
Волков|Никодим|Тихонович|1966-09-05|м|+7 (260) 330-5093|aleksandrermakov@example.org
Поляков|Бронислав|Ильясович|1965-05-29|м|+72559369078|radislav_32@example.com
Капустин|Родион|Даниилович|1971-03-14|м|+71389904155|gleb1989@example.com
Жданов|Модест|Иосипович|1956-04-12|м|+7 538 768 44 70|fkonovalova@example.org
Осипова|Анна|Анатольевна|1973-07-13|ж|8 (027) 254-77-16|klavdi_2009@example.com
Молчанов|Станислав|Дмитриевич|1947-09-01|м|+7 407 321 24 15|jaroslav1989@example.org
Фролов|Аполлинарий|Елисеевич|1996-05-05|м|8 (059) 766-4985|ekulikova@example.org
Авдеев|Парамон|Ильич|1999-10-30|м|8 333 918 4077|alla_11@example.com
Костина|София|Натановна|1973-02-18|ж|8 102 942 09 37|odintsovauljana@example.com
Бобылева|Анжела|Николаевна|1944-11-08|ж|8 (290) 213-41-26|moke33@example.net
Цветкова|Агафья|Львовна|1999-05-03|ж|87073540325|sokolovgeorgi@example.com
Артемьева|Валерия|Захаровна|1949-06-03|ж|+7 (981) 831-70-46|trofim2018@example.org
Крылов|Харлампий|Владиславович|2000-03-24|м|+7 (872) 163-40-77|borislav80@example.com
Никонов|Арефий|Ефимович|1965-11-08|м|8 323 480 6311|cheslav_41@example.net
Харитонова|Ульяна|Афанасьевна|1986-06-13|ж|82544262367|samsonovaanna@example.com
Трофимова|Евгения|Петровна|1986-02-07|ж|+7 (845) 509-23-10|irina38@example.com
Силин|Климент|Эдгарович|1966-01-17|м|+7 (026) 645-87-91|isidor1981@example.net
Игнатьева|Олимпиада|Леонидовна|1973-07-15|ж|+7 811 742 7763|harlampi24@example.org
Васильев|Ананий|Устинович|1981-06-24|м|8 182 795 03 28|seliverstovamarfa@example.net
Белозеров|Боян|Исидорович|1954-05-10|м|8 439 637 3084|ukirillov@example.org
Жуков|Сигизмунд|Ефимович|1941-12-11|м|+7 (085) 746-65-26|anatoli1999@example.org
Молчанова|Ксения|Оскаровна|1985-05-13|ж|8 (663) 173-04-50|davidovafevronija@example.com
Маслов|Эмиль|Яковлевич|1974-06-24|м|84447695526|leonid_2001@example.net
Никитина|Кира|Михайловна|1954-05-13|ж|8 (228) 550-4902|lihachevjakov@example.org
Шарапов|Евграф|Гурьевич|1994-05-14|м|8 182 912 7720|venedikt2012@example.net
Кириллова|Виктория|Вадимовна|1968-12-27|ж|+7 109 898 7842|okabanov@example.com
Суханова|Надежда|Михайловна|1943-01-15|ж|8 (117) 195-01-84|jakovlevaangelina@example.org
Зайцева|Юлия|Филипповна|1978-05-23|ж|+7 (834) 323-4835|stepan64@example.org
Маслов|Чеслав|Григорьевич|1975-12-05|м|+76509166178|mkazakova@example.org
Тихонова|Феврония|Кузьминична|1979-11-16|ж|+78705699312|oktjabrina2018@example.com
Яковлев|Егор|Августович|1960-06-28|м|+7 (890) 241-1718|karppopov@example.org
Харитонова|Майя|Артемовна|1945-12-17|ж|+7 241 292 09 23|yburov@example.com
Копылова|Наина|Юльевна|1972-07-03|ж|8 880 027 5769|matveevboris@example.org
Васильева|Акулина|Альбертовна|1997-10-10|ж|+7 (933) 492-6031|kapiton69@example.com
Шарапов|Автоном|Ермолаевич|1949-11-20|м|+7 167 984 09 48|amos06@example.org
Гусева|Алина|Александровна|1977-06-17|ж|8 (134) 156-2579|german_1970@example.net
Медведев|Феликс|Владиславович|1949-09-06|м|+7 525 875 8047|savinaevdokija@example.com
Богданова|Фаина|Натановна|1961-08-23|ж|8 279 185 9456|matve_2001@example.net
Суворова|Глафира|Игоревна|1999-03-13|ж|+7 501 678 02 26|galina1977@example.net
Субботина|Наина|Станиславовна|1947-07-22|ж|8 (970) 498-33-08|anikita03@example.net
Копылов|Леон|Артурович|1952-10-15|м|8 (153) 932-15-60|rkononov@example.org
Блинов|Порфирий|Александрович|1972-04-30|м|+7 904 414 81 66|nikanor1987@example.net
Носов|Никодим|Тарасович|1982-03-02|м|82859938839|solovevanani@example.com
Селезнева|Иванна|Михайловна|1949-06-02|ж|88802189925|epifanilin@example.org
Иванов|Агафон|Федосьевич|1955-11-06|м|8 (137) 004-56-77|amosgorshkov@example.org
Крылов|Филипп|Витальевич|1975-03-13|м|85286864043|svjatopolk73@example.org
Титов|Андрей|Геннадиевич|1989-09-22|м|8 (036) 381-2616|valerjan1987@example.org
Савина|Иванна|Макаровна|1955-06-20|ж|+7 (677) 242-19-03|crusakova@example.org
Комарова|Полина|Болеславовна|1966-08-15|ж|+7 363 499 43 91|praskovja71@example.org
Баранов|Георгий|Феликсович|1942-01-19|м|8 (928) 267-0589|efimvlasov@example.net
Шилов|Лука|Владиславович|1955-03-12|м|+7 (726) 318-7811|bobilevgorde@example.org
Уварова|Эмилия|Евгеньевна|1982-05-16|ж|+7 017 138 4925|ustin_2020@example.com
Костин|Зосима|Герасимович|1990-07-05|м|+73855844159|serge_31@example.net
Самсонов|Святослав|Алексеевич|1982-02-03|м|+7 (840) 588-8985|evstafi2014@example.net
Рябова|Нонна|Константиновна|1987-10-13|ж|+74426018737|serge_1973@example.com
Гурьева|Ульяна|Кирилловна|1955-09-24|ж|+7 773 870 6047|avgust64@example.net
Богданов|Тит|Брониславович|1983-11-26|м|+7 (426) 348-4694|gorshkovanonna@example.org
Мельникова|Алла|Викторовна|1956-08-05|ж|+7 (770) 141-74-13|silvestr37@example.com
Анисимов|Устин|Дмитриевич|1954-09-12|м|8 (769) 567-6411|muravevtvorimir@example.com
Ершов|Мечислав|Федотович|1947-03-13|м|+7 (995) 907-08-68|nikita_97@example.com
Самойлова|Елена|Тимуровна|1972-05-09|ж|+7 461 687 2873|gerasimustinov@example.org
Ершов|Гостомысл|Матвеевич|1943-02-16|м|+77405608791|maksimovaevgenija@example.net
Быкова|София|Николаевна|1947-12-10|ж|8 508 808 24 29|knjazevmilan@example.net
Денисова|Людмила|Антоновна|1949-05-31|ж|+7 (378) 352-7504|kudrjavtsevasinklitikija@example.org
Филатова|Майя|Ниловна|1977-09-06|ж|8 632 703 4626|tihon_66@example.com
Рябова|Алина|Георгиевна|1984-07-22|ж|+71553532963|serafim_74@example.net
Петухов|Олег|Валерьевич|1979-06-14|м|+7 (827) 734-22-27|igor1975@example.org
Симонов|Лукьян|Владленович|1950-03-02|м|+74662894966|xmaksimov@example.org
Титов|Софон|Артёмович|1958-08-19|м|8 (967) 898-62-99|kuprijangorbunov@example.org
Якушев|Потап|Ефимьевич|1957-03-20|м|88841563474|foka_37@example.com
Панфилова|Кира|Болеславовна|1967-07-12|ж|+7 322 541 97 26|izot_16@example.com
Юдин|Артемий|Артемьевич|1995-07-26|м|+7 (331) 699-84-68|alla_13@example.org
Беляев|Максим|Трифонович|1973-11-23|м|+7 328 635 1567|ipat_1980@example.net
Фадеев|Фортунат|Яковлевич|1941-09-29|м|+7 (949) 213-51-41|gorde_37@example.com
Григорьева|Кира|Тарасовна|1972-02-07|ж|+7 (130) 145-3543|tretjakovartemi@example.net
Петрова|Ксения|Натановна|1964-08-07|ж|+7 954 832 3562|andre2012@example.com
Виноградов|Ратмир|Валерианович|1972-05-12|м|+7 (873) 766-02-12|konstantinovvladislav@example.net
Аксенов|Владислав|Филимонович|1991-02-26|м|+76409744997|ratmir_67@example.org
Беспалова|Зинаида|Игоревна|1965-02-28|ж|8 233 485 3915|frolovaljubov@example.org
Федотов|Исай|Якубович|1987-11-10|м|+7 (795) 401-44-41|gpanov@example.com
Третьякова|Анжела|Матвеевна|1964-08-16|ж|+7 (605) 798-6026|ksenija1973@example.net
Горбунова|Анжела|Афанасьевна|1969-05-23|ж|87371576341|foti_65@example.net
Зиновьева|Агата|Юльевна|1992-10-25|ж|80857063772|nikifor46@example.net
Молчанов|Лучезар|Ануфриевич|1995-04-19|м|8 (955) 342-07-48|petrovereme@example.net
Колесников|Митофан|Еремеевич|1980-11-25|м|8 (596) 841-3879|kondrat_09@example.org
Ситникова|Алла|Афанасьевна|1994-08-04|ж|8 684 542 9568|rozhkovtrifon@example.net
Лихачев|Филипп|Ильич|1976-10-31|м|8 960 568 75 20|kornilovazari@example.net
Евсеев|Кузьма|Антипович|1960-04-04|м|+7 621 628 6889|ernestkozlov@example.net
Ковалева|Эмилия|Архиповна|1988-12-25|ж|+7 (667) 588-81-91|anatolipetuhov@example.org
Кудряшова|Вероника|Евгеньевна|1974-12-10|ж|8 (199) 349-0481|prokl44@example.org
Коновалов|Виктор|Всеволодович|1979-05-21|м|8 (985) 556-92-94|anisimlobanov@example.net
Калинина|Агата|Олеговна|1991-08-21|ж|89718978771|naumovaklavdija@example.org
Бобров|Лазарь|Жанович|1940-12-05|м|8 316 159 6137|aleksandrgromov@example.net
Кузнецова|Наина|Петровна|1946-06-23|ж|+71978210065|stanislav_2020@example.org
Егоров|Ермолай|Эдгардович|1991-07-18|м|+7 (372) 757-2677|nosovaanzhela@example.com
Беляков|Остап|Богданович|1963-06-16|м|8 (659) 249-2252|stanislav1994@example.org
Фролова|Елена|Валериевна|1975-03-07|ж|+7 (600) 603-50-97|evdokija_93@example.com
Белозеров|Эммануил|Федотович|1992-12-16|м|+7 (192) 266-48-28|ninel34@example.net
Жданов|Потап|Теймуразович|1990-11-24|м|8 (490) 735-3117|jaroslav_07@example.com
Красильников|Мирослав|Демьянович|1954-09-30|м|8 (241) 888-0110|serge1972@example.net
Сергеев|Влас|Игнатович|1966-07-29|м|8 965 404 99 63|agata2013@example.org
Иванов|Фортунат|Брониславович|1973-04-17|м|+7 152 645 0377|juri_60@example.net
Мартынов|Аркадий|Дорофеевич|1978-10-30|м|8 515 776 07 17|veniaminsafonov@example.net
Петухова|Татьяна|Эдуардовна|1946-12-22|ж|8 (385) 819-7427|voronovarhip@example.net
Рябов|Юлиан|Евстигнеевич|1956-09-09|м|8 (088) 927-5333|demid_62@example.com
Виноградов|Онуфрий|Артурович|1968-05-08|м|8 (367) 438-25-58|rhohlov@example.net
Лапин|Остромир|Жоресович|1940-12-25|м|+72018293629|vasilevspiridon@example.net
Гусев|Ипполит|Жанович|1983-01-22|м|+7 (346) 304-3465|gleb2009@example.org
Сорокин|Викентий|Ефстафьевич|1967-12-22|м|+7 (630) 610-5697|zhanna1978@example.com
Горбунов|Ярополк|Филатович|1998-09-21|м|+7 029 346 0110|kiselevfedosi@example.com
Романов|Яков|Федосьевич|1976-05-16|м|+7 408 527 0307|zbelousov@example.com
Наумова|Милица|Мироновна|1950-05-28|ж|+7 (489) 057-5380|afanasi1970@example.net
Комиссаров|Федот|Елизарович|1983-02-17|м|+7 750 258 53 40|vadimshilov@example.org
Родионов|Архип|Валерьянович|1954-01-17|м|8 (523) 608-0070|arkadi_1987@example.org
Устинов|Мокей|Аверьянович|1950-09-20|м|8 836 608 6503|ljudmila1998@example.com
Третьякова|Дарья|Тимофеевна|1987-01-29|ж|8 944 619 98 63|stanislavdmitriev@example.net
Котова|Тамара|Леоновна|1958-01-13|ж|+7 (549) 219-26-60|vladilen91@example.com
Панфилова|Марфа|Романовна|1956-02-29|ж|84660278094|borisovsidor@example.com
Данилов|Тихон|Артёмович|1960-02-22|м|+7 (499) 545-98-98|vlitkin@example.net
Филиппова|Ия|Болеславовна|1980-03-27|ж|+76973636964|xlavrenteva@example.org
Матвеев|Любосмысл|Фёдорович|1984-08-15|м|+7 534 450 0728|doroninavarvara@example.net
Матвеева|Любовь|Кузьминична|1953-08-14|ж|8 (979) 125-52-20|kudrjashovavarvara@example.org
Ковалева|Ксения|Болеславовна|1978-02-27|ж|+7 (387) 254-73-00|zahar_57@example.com
Панфилов|Валерий|Бориславович|1968-02-26|м|8 151 924 8281|msaveleva@example.org
Романова|Анжелика|Ниловна|1969-08-06|ж|+7 (476) 932-99-34|paramon1974@example.org
Громова|Таисия|Егоровна|1946-04-22|ж|8 771 131 3558|lavrenti77@example.org
Лапина|Нинель|Евгеньевна|1975-02-17|ж|+7 786 139 71 38|ostap02@example.org
Игнатов|Феофан|Ефимович|1959-08-21|м|8 392 102 1299|agafonovvladislav@example.com
Гурьев|Гордей|Демидович|1943-03-11|м|8 509 972 66 20|seliverstovalarisa@example.com
Исаева|Маргарита|Геннадьевна|1957-04-02|ж|+7 (950) 727-04-05|oleg2010@example.net
Комаров|Виссарион|Александрович|1978-01-07|м|+71902318386|savvatibogdanov@example.net
Шубин|Олимпий|Аверьянович|1952-05-18|м|8 (644) 301-1095|leonid75@example.net
Анисимова|Фаина|Артемовна|1944-01-29|ж|+70686355144|tvorimirvinogradov@example.com
Кошелев|Никодим|Измаилович|1944-11-02|м|+7 (879) 717-05-59|lobanovpetr@example.net
Котов|Евсей|Владленович|1966-03-25|м|+7 (981) 770-3741|knovikov@example.org
Кузьмина|Марина|Мироновна|1991-07-11|ж|8 (921) 666-0976|fomamarkov@example.org
Костина|Светлана|Николаевна|1991-06-16|ж|+7 458 158 3935|dementi2021@example.com
Куликов|Никита|Аксёнович|1952-06-05|м|8 369 796 36 26|fsamsonov@example.org
Никифоров|Максимильян|Венедиктович|1954-10-05|м|+7 (650) 715-3123|komarovbojan@example.net
Соколов|Мир|Харлампьевич|1975-02-18|м|+7 (966) 731-78-09|galkinmefodi@example.net
Андреев|Светозар|Трифонович|1982-09-15|м|+7 (897) 255-48-18|zfedorov@example.com
Жданова|Анна|Ефимовна|1999-08-23|ж|8 (756) 365-14-37|veronika04@example.org
Воронова|Агата|Борисовна|1991-12-20|ж|80804511587|tamara71@example.com
Сорокина|Тамара|Михайловна|1949-08-08|ж|+7 858 635 5729|semenovavalerija@example.net
Щукина|Лидия|Георгиевна|1993-06-11|ж|+7 (258) 568-4686|juli_21@example.net
Лукина|Агата|Натановна|1950-09-25|ж|+7 (188) 391-75-92|ermil_16@example.net
Нестеров|Чеслав|Фёдорович|1989-05-27|м|8 676 305 1567|fotidrozdov@example.com
Борисова|Елизавета|Наумовна|1978-11-07|ж|8 (243) 168-2310|miron1998@example.com
Родионова|Евпраксия|Дмитриевна|1941-05-26|ж|+7 (004) 725-7988|vjacheslavpavlov@example.net
Шарапова|Синклитикия|Львовна|1960-12-13|ж|8 599 724 85 11|selivannoskov@example.com
Баранов|Агап|Бориславович|1994-03-25|м|8 (402) 868-92-68|andre2020@example.net
Князев|Тит|Валентинович|1959-01-15|м|+7 659 391 70 23|grishinstanimir@example.org
Данилова|Галина|Валентиновна|1991-05-04|ж|8 (907) 084-3869|aleksandrovkonon@example.com
Карпов|Агап|Денисович|1952-07-21|м|84113460349|kondratevaelizaveta@example.net
Соболева|Фаина|Кузьминична|1958-03-25|ж|8 041 203 1586|vishnjakovstojan@example.org
Воронова|Анна|Юльевна|1985-10-02|ж|83096060516|luchezar1986@example.net
Лукин|Казимир|Фокич|1942-10-13|м|8 096 013 0438|tatjana_1990@example.net
Рябов|Самсон|Авдеевич|1978-10-12|м|+7 130 855 3519|meliseeva@example.org
Крылова|Ираида|Константиновна|1966-06-27|ж|8 (948) 483-7909|samuilsharapov@example.com
Васильев|Александр|Иларионович|1994-05-01|м|8 (680) 623-94-27|leonid_2006@example.org
Нестерова|Милица|Святославовна|1983-11-26|ж|8 273 300 62 46|svjatopolk_14@example.com
Веселов|Осип|Ааронович|1955-01-21|м|+7 (972) 474-2756|ziminaljubov@example.com
Константинова|Прасковья|Васильевна|1966-05-28|ж|8 (522) 436-16-33|kolesnikovpavel@example.net
Белов|Капитон|Игнатьевич|1978-03-28|м|+7 (553) 240-6176|burovroman@example.com
Симонова|Алла|Эдуардовна|1956-04-25|ж|8 773 006 47 91|efimovkondrat@example.org
Трофимов|Никон|Вилорович|1990-02-18|м|+71207656116|olimpi87@example.net
Матвеев|Устин|Харламович|1992-05-12|м|+7 345 804 0172|lazarevsvjatoslav@example.com
Поляков|Евграф|Харлампович|1944-11-21|м|+7 694 419 2721|shubinprov@example.com
Морозова|Зоя|Ильинична|1947-03-08|ж|8 (107) 089-32-97|anastasija_1996@example.net
Селезнев|Автоном|Викентьевич|1978-12-11|м|8 (615) 986-3813|ipati18@example.org
Фомина|Фёкла|Васильевна|1988-04-09|ж|8 526 072 68 98|lukinavera@example.net
Кириллова|Нонна|Борисовна|1948-03-17|ж|8 024 882 7624|aggebelousov@example.net
Федотов|Ярослав|Ефстафьевич|1986-07-25|м|8 (349) 084-28-99|grigori_1984@example.net
Сергеева|Любовь|Рудольфовна|1999-04-12|ж|8 (704) 605-6178|anike_98@example.org
Воронцова|Синклитикия|Степановна|1952-04-25|ж|84462424735|ermakovmechislav@example.org
Аксенова|Агата|Евгеньевна|1979-03-01|ж|+7 (622) 655-4605|frolovkim@example.net
Алексеева|Светлана|Валериевна|1977-09-06|ж|+7 560 912 72 32|beljakovprokofi@example.com
Абрамов|Устин|Геннадиевич|1967-08-18|м|8 197 409 45 83|bobilevjaropolk@example.net
Соколова|Октябрина|Максимовна|1981-01-12|ж|8 640 215 5387|rjurik1999@example.com
Корнилов|Ипполит|Ильясович|1978-07-04|м|+7 260 378 71 22|valentina1993@example.org
Гордеев|Олег|Власович|1953-05-07|м|8 (832) 293-9800|emmanuil78@example.org
Третьякова|Иванна|Ждановна|1991-07-07|ж|8 (022) 686-65-64|zinovevairaida@example.org
Евдокимов|Фадей|Фролович|1962-06-04|м|+7 316 508 06 50|moke1985@example.net
Сысоева|Наталья|Рудольфовна|1992-11-02|ж|+75218778287|evpraksija2015@example.org
Рогов|Измаил|Артурович|1981-05-14|м|+7 (794) 689-7704|lukjan_34@example.net
Крюкова|Феврония|Викторовна|1956-04-05|ж|84928790948|baranovguri@example.net
Капустин|Евстафий|Вилорович|1969-11-17|м|8 (125) 530-6939|anatolikonovalov@example.net
Русаков|Всеслав|Фомич|1976-11-05|м|8 (581) 379-0672|sofija17@example.net
Молчанова|Ангелина|Яковлевна|1945-03-26|ж|+7 (936) 692-0426|naumovanaina@example.net
Орехов|Роман|Трофимович|1978-05-07|м|8 (645) 891-37-45|sofon_1985@example.org
Морозов|Яков|Трифонович|1943-07-31|м|+7 (468) 765-62-29|nesterovaverjan@example.com
Горшков|Пров|Арсенович|1964-07-18|м|8 686 181 95 16|sitnikovsigizmund@example.net
Максимова|Ксения|Кузьминична|1941-04-01|ж|8 472 298 15 79|evgeni_2008@example.net
Белоусова|Таисия|Тимофеевна|1964-12-01|ж|+7 929 239 1577|ignatovanatalja@example.net
Константинова|Ксения|Кирилловна|1994-03-24|ж|+7 521 495 87 97|elise88@example.com
Брагина|Олимпиада|Станиславовна|1984-02-27|ж|8 741 058 8614|uguljaeva@example.net
Степанова|Елизавета|Святославовна|1955-05-30|ж|8 (940) 414-6541|serafim_25@example.net
Котова|Ульяна|Григорьевна|1964-01-12|ж|+74326069064|ruben1974@example.com
Русаков|Ювеналий|Матвеевич|1958-07-26|м|+7 841 092 29 96|platon1992@example.com
Воронов|Максимильян|Арсеньевич|1980-11-12|м|+7 783 192 46 20|kovalevasofija@example.org
Белова|Вера|Викторовна|1985-05-29|ж|8 589 663 9607|sinklitikija_1974@example.net
Галкина|Евпраксия|Святославовна|1991-02-01|ж|87380676371|vgolubev@example.org
Дьячков|Геннадий|Юльевич|1942-12-23|м|+7 352 914 6454|markzhuravlev@example.org
Якушев|Спиридон|Ануфриевич|1973-05-20|м|+7 (710) 114-78-85|ignatevsvjatoslav@example.org
Федотова|Евфросиния|Мироновна|1941-03-12|ж|+70074281601|evdokija2002@example.com
Щукина|Ия|Феликсовна|1995-08-09|ж|8 (698) 097-6701|maksimovermola@example.net
Якушев|Фадей|Филимонович|1982-04-27|м|+7 041 078 02 66|zhuravlevapollinari@example.net
Ширяева|София|Богдановна|1967-04-16|ж|+7 (729) 064-6899|suvorovflorentin@example.org
Данилова|Майя|Степановна|1953-10-28|ж|8 (281) 665-6018|afanasevpavel@example.net
Игнатьева|Клавдия|Тарасовна|1975-12-24|ж|+7 406 071 5203|potapovanonna@example.net
Носова|Анна|Михайловна|1986-06-11|ж|81344345496|cmelnikova@example.net
Дьячкова|Нинель|Эдуардовна|1973-09-28|ж|8 (147) 658-00-84|evse_2004@example.net
Панова|Иванна|Феликсовна|1993-11-08|ж|+77871597979|stanislav63@example.net
Давыдов|Ярослав|Харлампьевич|1971-02-14|м|+74736111656|arhipovmaksim@example.com
Дмитриева|Елизавета|Эдуардовна|1968-09-04|ж|+7 069 397 51 03|bojan61@example.net
Ситникова|Кира|Ивановна|1971-11-21|ж|+77324527766|zhukovaskold@example.net
Бобылева|Наина|Рудольфовна|1987-09-19|ж|8 (461) 304-3214|jakov_1975@example.com
Дементьева|Элеонора|Владимировна|1972-04-19|ж|8 (371) 606-4322|trifon_69@example.org
Белова|Маргарита|Вениаминовна|1950-07-01|ж|8 (238) 819-6396|agafonovstanislav@example.org
Константинова|Раиса|Феликсовна|1943-07-18|ж|+7 783 682 50 55|polina1990@example.org
Юдина|Фаина|Аркадьевна|1986-03-14|ж|+7 (780) 281-8786|osip1996@example.com
Маркова|Анжела|Львовна|1945-11-24|ж|+7 (361) 824-0166|nina26@example.com
Хохлова|Нинель|Константиновна|1974-04-13|ж|8 497 827 1830|teterinanatalja@example.org
Поляков|Платон|Фомич|1979-04-15|м|8 (311) 454-6820|miroslav68@example.org
Копылова|Лидия|Вячеславовна|1950-06-26|ж|8 556 774 8177|kostinaveronika@example.com
Павлова|Фаина|Григорьевна|1988-07-20|ж|8 208 847 73 87|ivanovairaida@example.org
Туров|Фотий|Ильясович|1980-10-01|м|+74891164973|orehovprokl@example.net
Соболева|Вероника|Никифоровна|1992-06-11|ж|8 264 364 6750|beljakovorest@example.com
Хохлов|Владлен|Адрианович|1946-06-28|м|+7 (037) 890-38-35|amos2019@example.com
Маркова|Оксана|Максимовна|1951-05-22|ж|8 781 301 03 43|iraida1973@example.com
Сазонов|Симон|Тарасович|1966-07-03|м|8 (366) 430-39-97|paramonchernov@example.org
Гордеева|Наина|Андреевна|1949-06-10|ж|+7 382 818 05 50|xborisova@example.com
Смирнова|Валентина|Мироновна|1950-10-26|ж|+7 471 551 1574|anisimovnikon@example.net
Степанова|Ангелина|Эдуардовна|1945-12-09|ж|+7 469 380 3168|andron49@example.com
Селиверстов|Ярополк|Давидович|1966-05-21|м|8 (929) 771-67-31|ija_21@example.net
Бирюков|Елизар|Харитонович|1971-09-08|м|+7 (786) 566-61-54|miron20@example.net
Киселев|Сигизмунд|Владленович|1976-05-30|м|8 555 643 91 21|dementi_2015@example.net
Фомичева|Надежда|Оскаровна|2000-05-17|ж|+7 148 593 3267|dementevtimur@example.com
Артемьев|Феликс|Федосьевич|1950-04-07|м|8 180 021 67 38|fomichevbogdan@example.org
Нестеров|Лавр|Эдгарович|1983-09-09|м|84446658135|fade96@example.net
Максимов|Мирослав|Изотович|1998-10-21|м|8 611 606 06 30|pahom_20@example.org
Пестова|Анастасия|Викторовна|1982-11-19|ж|+7 (312) 957-5015|ipati_30@example.com
Орлов|Степан|Харламович|1991-12-02|м|81602000760|kliment_1986@example.net
Яковлев|Модест|Федотович|1953-01-23|м|+77231284418|eavdeev@example.org
Анисимова|Зоя|Александровна|1975-01-29|ж|85862652558|loginovgennadi@example.org
Журавлев|Пимен|Александрович|1947-04-24|м|82107797076|sila_65@example.org
Никонов|Евсей|Антонович|1959-05-24|м|8 390 485 44 02|panovafaina@example.com
Третьяков|Дмитрий|Бориславович|1998-05-16|м|+7 452 897 8729|frolovelise@example.org
Голубев|Филарет|Димитриевич|1952-08-10|м|+7 (260) 677-84-37|komarovsemen@example.net
Веселов|Сергей|Захарьевич|1953-04-30|м|+7 748 217 75 92|dorofe55@example.org
Гришин|Ермил|Артёмович|1991-06-14|м|+7 378 920 3954|valentina2009@example.org
Сергеева|Иванна|Робертовна|1988-10-24|ж|+7 (291) 206-69-33|kulakovsaveli@example.org
Исаев|Савватий|Владиславович|1971-01-13|м|8 (779) 747-9031|militsa84@example.org
Лобанова|Вероника|Артемовна|1984-03-24|ж|+7 354 844 2318|mihail1978@example.com
Елисеева|Алина|Макаровна|1974-12-29|ж|+7 (592) 348-95-03|kornil_98@example.com
Носков|Иван|Жанович|1978-05-30|м|+73218935961|anesterov@example.com
Емельянов|Мечислав|Эдгардович|1957-07-21|м|+7 (038) 744-60-46|galkinmoise@example.net
Кошелев|Ферапонт|Ильич|1946-12-28|м|8 (836) 741-08-51|mamontovaanastasija@example.net
Михеев|Максим|Федосьевич|1984-10-25|м|+7 (921) 471-6839|ljubosmisl_09@example.org
Суворов|Максим|Федосеевич|1993-08-31|м|+72095393963|fevronija_1970@example.net
Романова|Агата|Рубеновна|1957-06-13|ж|8 081 244 4975|skarpov@example.net
Капустина|Евдокия|Федоровна|1947-10-12|ж|8 554 698 86 21|braginaalla@example.com
Беляков|Олимпий|Денисович|1983-01-31|м|+7 (896) 559-35-75|nikitinprohor@example.net
Калашникова|Анна|Евгеньевна|1980-01-29|ж|+78957536302|grigori1986@example.org
Самсонова|Наталья|Рубеновна|1956-05-03|ж|+7 844 506 62 50|stepanovaelizaveta@example.org
Афанасьева|Клавдия|Робертовна|1972-04-22|ж|+76485673216|dmitripoljakov@example.net
Стрелков|Добромысл|Владиславович|1944-04-13|м|82522636389|viktor68@example.net
Поляков|Дорофей|Даниилович|1958-10-16|м|+7 184 954 86 41|ilarion_2008@example.com
Родионова|Прасковья|Владиславовна|1975-11-19|ж|+7 915 832 1381|ippolit_92@example.com
Воронова|Татьяна|Богдановна|1953-02-21|ж|+7 (647) 991-8246|mihealekseev@example.net
Трофимов|Ярослав|Федосьевич|1976-03-13|м|+7 997 430 6258|rozhkovasinklitikija@example.net
Селиверстова|Милица|Никифоровна|1942-10-08|ж|8 (486) 217-7864|martin1990@example.net
Артемьева|Ульяна|Львовна|1992-11-01|ж|+7 (162) 147-37-08|merkushevstanimir@example.com
Фомичева|Милица|Болеславовна|1956-07-22|ж|+7 (464) 594-4404|tarasjudin@example.net
Носов|Архип|Фролович|1973-04-21|м|8 123 427 8578|afanasi_94@example.org
Андреев|Парфен|Артемьевич|1979-07-29|м|+7 519 696 2896|afokin@example.com
Михеева|Нонна|Максимовна|1957-11-28|ж|8 (249) 334-2870|nestor2017@example.net
Жуков|Ким|Давыдович|1973-01-15|м|8 713 112 28 16|evstafi74@example.net
Галкин|Всемил|Яковлевич|1981-08-25|м|8 916 717 1433|smirnovmilovan@example.com
Зайцева|Эмилия|Анатольевна|1979-04-24|ж|8 800 351 4449|osip43@example.org
Мухина|Октябрина|Владимировна|1961-05-04|ж|+7 097 122 5078|ratiborvorontsov@example.net
Самсонов|Евгений|Жанович|1979-09-16|м|+7 (227) 359-34-27|vlasandreev@example.org
Кононова|Валерия|Робертовна|1977-12-20|ж|+7 274 205 4993|safonovaalevtina@example.com
Молчанова|Элеонора|Игоревна|1994-10-25|ж|+7 730 889 1970|marianegorov@example.com
Мишин|Панкратий|Ильич|1943-12-20|м|8 503 339 31 92|ljubomir_2005@example.com
Дьячков|Ерофей|Вячеславович|1951-06-04|м|+7 (202) 600-73-89|anzhela15@example.com
Гришина|Алевтина|Геннадиевна|1996-03-31|ж|+7 069 296 8147|foka_09@example.net
Лыткина|Прасковья|Харитоновна|1958-11-28|ж|+7 975 439 46 68|pankrat_1985@example.org
Киселев|Добромысл|Витальевич|1947-07-12|м|85340064622|levsuhanov@example.org
Миронова|Синклитикия|Кузьминична|1977-05-02|ж|8 (268) 116-00-93|nazar1994@example.net
Цветков|Бажен|Еремеевич|1985-09-06|м|+7 (148) 849-2670|nikitasolovev@example.org
Тарасова|Мария|Геннадьевна|1978-05-03|ж|+7 580 743 70 74|ziminvalentin@example.org
Быкова|Клавдия|Никифоровна|1951-05-05|ж|8 (532) 621-12-85|alla71@example.org
Гурьева|Елизавета|Юрьевна|1988-02-24|ж|+7 (614) 418-52-62|beljaevelizar@example.net
Белякова|Татьяна|Михайловна|1986-07-01|ж|+7 (481) 533-7628|sharapovmodest@example.org
Кулагина|Марфа|Захаровна|1953-03-03|ж|+7 240 385 3346|antonin_1973@example.com
Миронов|Куприян|Авдеевич|1954-09-30|м|+7 298 287 9325|komissarovmilan@example.com
Пестова|Лидия|Ефимовна|1941-06-25|ж|8 485 473 2985|nazar_1972@example.net
Дементьева|Феврония|Геннадьевна|1989-02-02|ж|+7 (911) 743-70-31|samsonisaev@example.org
Мухина|Алина|Богдановна|1997-08-21|ж|+7 990 326 5833|ferapont_72@example.org
Лихачева|Алла|Натановна|1975-01-26|ж|+7 (532) 958-8108|grigori_30@example.net
Андреев|Аполлинарий|Иларионович|1966-03-22|м|+7 146 167 01 11|rjabovazhanna@example.org
Михеева|Раиса|Наумовна|1973-11-08|ж|+7 (903) 434-86-76|rdavidova@example.org
Беспалов|Радован|Георгиевич|1993-07-11|м|8 (166) 584-06-84|marfa1977@example.com
Кудрявцева|Глафира|Петровна|1998-08-01|ж|8 (858) 321-6419|gennadi53@example.net
Харитонов|Мстислав|Артемьевич|1942-08-31|м|86418508380|nazar_58@example.org
Орлова|Элеонора|Борисовна|1944-07-14|ж|+7 (815) 680-09-52|evdokimovaanastasija@example.com
Ершов|Творимир|Германович|1990-02-08|м|+7 (785) 195-6819|klavdi_2008@example.net
Щукин|Руслан|Евсеевич|2000-09-15|м|8 712 947 87 72|nekrasovaanzhela@example.org
Архипов|Сидор|Евстигнеевич|1943-12-24|м|+7 (992) 521-9851|pestovaagafja@example.com
Журавлев|Самуил|Ефимович|1944-06-10|м|+7 (927) 579-9258|kolobovsigizmund@example.org
Беспалов|Иннокентий|Феодосьевич|1989-02-14|м|83063111403|apollon_2011@example.org
Буров|Светозар|Гаврилович|1953-06-24|м|+7 836 028 1470|dkalashnikov@example.org
Савельева|Татьяна|Эдуардовна|1965-08-10|ж|8 (741) 615-3502|gostomisl_37@example.org
Григорьев|Пантелеймон|Устинович|1990-12-16|м|8 (611) 985-3790|nikolavinogradov@example.net
Суворова|Ольга|Романовна|1956-01-11|ж|+7 (569) 510-8643|evdokimovvalerjan@example.org
Крюкова|Глафира|Васильевна|1957-01-16|ж|+7 (401) 556-50-11|zhanna94@example.org
Щербаков|Арсений|Еремеевич|1959-09-23|м|8 (497) 563-70-13|gedeon_50@example.com
Ефимова|Регина|Тимофеевна|1950-10-23|ж|+7 (406) 414-21-53|melnikovgostomisl@example.net
Белов|Парамон|Валерьевич|1980-08-05|м|8 777 047 1622|lidija_52@example.net
Алексеева|Наталья|Кирилловна|1969-05-08|ж|8 (598) 189-6523|stojan_86@example.net
Назарова|Вера|Натановна|1951-11-12|ж|+7 959 384 12 50|faina02@example.org
Шубин|Олимпий|Бенедиктович|1965-08-31|м|+7 (343) 418-46-35|klavdija_73@example.com
Панова|Глафира|Эльдаровна|1956-05-09|ж|83067610279|ksenija_54@example.net
Суханов|Каллистрат|Афанасьевич|1976-10-29|м|+76516529232|boleslav_72@example.com
Богданова|Жанна|Натановна|1958-05-25|ж|+76459181166|judinaevpraksija@example.net
Егоров|Пров|Евстигнеевич|1975-01-06|м|+7 (628) 455-28-44|valentina61@example.net
Жданов|Никодим|Вячеславович|1996-08-21|м|+79787760428|rostislavstepanov@example.com
Михеев|Глеб|Феоктистович|1958-03-31|м|8 (662) 311-70-86|psharova@example.com
Филиппов|Измаил|Харламович|1944-03-05|м|8 (725) 718-3290|olegtihonov@example.org
Петрова|Нинель|Антоновна|1949-04-09|ж|+7 354 759 0751|ostapignatov@example.net
Горбачев|Клавдий|Ярославович|1973-10-10|м|8 860 670 5558|asimonov@example.com
Елисеев|Кондрат|Феликсович|1969-10-18|м|+7 (707) 325-58-95|zoja36@example.org
Сорокин|Кирилл|Устинович|1956-12-01|м|8 (914) 322-1693|akulikova@example.org
Мясникова|Маргарита|Ефимовна|1966-10-13|ж|8 286 667 8163|anikita30@example.net
Колесников|Геннадий|Владиленович|1963-07-19|м|+7 455 931 88 89|nnesterova@example.net
Зиновьев|Ипатий|Исидорович|1942-11-12|м|83880559043|wafanasev@example.net
Медведев|Мирон|Тарасович|1987-08-02|м|+7 001 095 21 94|polikarp1970@example.org
Никифоров|Влас|Иосифович|1985-06-08|м|+7 (250) 435-72-59|korolevsavva@example.com
Кулагин|Гостомысл|Демидович|1994-02-20|м|8 239 129 62 70|stojan_43@example.net
Мамонтова|Виктория|Богдановна|1952-12-06|ж|8 (378) 050-2863|lobanovaninel@example.com
Морозов|Филипп|Егорович|1987-04-01|м|+70245961669|vasili_06@example.net
Яковлева|Элеонора|Болеславовна|1942-04-29|ж|8 (528) 680-2730|makar_08@example.net
Бурова|Людмила|Викторовна|1963-10-08|ж|8 865 762 76 62|juvenali_81@example.com
Жуков|Евграф|Евстигнеевич|1956-09-15|м|8 447 822 0284|pfokin@example.net
Владимиров|Зиновий|Зиновьевич|1997-04-07|м|+7 (421) 515-78-01|varlaam2012@example.com
Казаков|Стоян|Давидович|1988-01-28|м|81555494323|nikiforovjakub@example.net
Кудрявцева|Анастасия|Руслановна|1946-08-15|ж|8 995 823 7536|askoldkalinin@example.com
Карпова|Зинаида|Наумовна|1959-03-21|ж|8 (837) 832-5962|trofim_04@example.com
Маркова|Наталья|Ефимовна|1969-10-29|ж|8 (646) 251-5644|feoktist_1993@example.com
Константинов|Иннокентий|Гертрудович|1964-11-19|м|8 755 478 24 57|feliks_1979@example.net
Некрасова|Акулина|Степановна|1959-03-24|ж|8 817 288 9433|ivan37@example.com
Кулаков|Доброслав|Виленович|1958-07-01|м|+7 (675) 929-66-53|miron04@example.net
Артемьев|Будимир|Марсович|1985-06-13|м|+7 237 942 26 83|fvasilev@example.com
Тимофеева|Алевтина|Юрьевна|1998-05-06|ж|8 852 537 1181|vseslav1998@example.org
Селиверстов|Антонин|Викентьевич|1998-08-30|м|+7 (590) 349-8282|mefodi_1973@example.com
Князев|Емельян|Феофанович|1962-04-17|м|84888489659|feoktist_82@example.org
Сорокина|Олимпиада|Филипповна|1999-06-29|ж|8 (353) 061-73-03|agap_63@example.org
Григорьев|Виталий|Тарасович|1946-01-27|м|8 900 108 74 20|shubinaaleksandra@example.net
Маркова|Пелагея|Павловна|1994-07-21|ж|+7 (236) 885-5228|paramonantonov@example.net
Кузьмина|Алина|Аскольдовна|1955-12-28|ж|+7 172 991 12 14|nazar_40@example.org
Устинова|Лора|Никифоровна|1943-09-14|ж|85267080143|sazonovasvetlana@example.net
Третьяков|Галактион|Елисеевич|1998-12-13|м|85947939759|kiselevtrifon@example.com
Молчанова|Ираида|Эдуардовна|1953-10-16|ж|81231827213|emeljan_1980@example.org
Михайлов|Касьян|Даниилович|1997-07-29|м|+73087964903|pantelemon1975@example.com
Миронова|Мария|Юрьевна|1942-02-09|ж|87314890860|subbotinjaropolk@example.org
Уваров|Остап|Евсеевич|1956-07-04|м|+77168790298|ratibormelnikov@example.net
Лобанов|Алексей|Давыдович|1997-08-08|м|+7 794 369 11 45|silanti65@example.org
Данилова|Наталья|Натановна|1977-12-01|ж|8 (304) 369-7955|saveli12@example.com
Мамонтова|Жанна|Сергеевна|1944-08-14|ж|+7 (375) 252-6152|stepanovljubomir@example.org
Журавлева|Таисия|Кузьминична|1951-09-14|ж|+7 (411) 257-70-27|voronovvaleri@example.net
Кондратьева|Наина|Артемовна|1940-12-22|ж|8 200 885 1972|fotidrozdov@example.org
Дмитриева|Юлия|Владиславовна|1941-10-30|ж|+7 976 731 6106|pantelemon_73@example.org
Федотова|Вера|Львовна|1967-08-09|ж|+7 (029) 455-1538|gurevafaina@example.org
Никитина|Регина|Ждановна|1982-12-02|ж|+7 176 406 06 42|sergeevdenis@example.com
Павлов|Куприян|Гурьевич|1999-10-21|м|8 (996) 103-11-38|ferapontartemev@example.net
Прохорова|Фаина|Ивановна|1991-07-16|ж|+7 (920) 164-2201|milen_51@example.net
Панова|Алина|Борисовна|1985-05-02|ж|+77367569714|mzhukova@example.org
Фролов|Тимур|Ильясович|1945-03-08|м|8 241 475 88 89|kabanovaverjan@example.org
Кудрявцева|Нина|Кузьминична|1996-12-07|ж|+7 760 802 44 44|antonovdobromisl@example.net
Зайцева|Клавдия|Ниловна|1940-12-12|ж|8 (118) 362-15-55|tverdislav_1975@example.org
Филатова|Лора|Ефимовна|1982-10-08|ж|8 661 234 7636|gorderogov@example.org
Исаков|Чеслав|Герасимович|1967-02-27|м|8 091 134 41 75|lidija_07@example.net
Белозеров|Феликс|Харлампьевич|1982-04-02|м|+74993114423|mina1985@example.net
Козлова|Алевтина|Васильевна|1986-07-25|ж|8 (579) 632-2713|luka_1985@example.com
Ситников|Вацлав|Вячеславович|1972-05-01|м|+7 (186) 483-6789|klavdi32@example.org
Белоусова|Евпраксия|Станиславовна|1947-05-20|ж|+74938144692|stojanstepanov@example.com
Большакова|Нина|Павловна|1982-04-29|ж|+7 644 760 22 31|egorovsamson@example.net
Емельянов|Агап|Чеславович|1969-09-06|м|+7 732 910 71 85|valentin_36@example.net
Русаков|Доброслав|Брониславович|1963-11-10|м|+7 (892) 048-7771|filippovmatve@example.org
Гаврилова|Фёкла|Егоровна|1958-09-11|ж|8 578 745 8173|galina1990@example.org
Стрелкова|Иванна|Вячеславовна|1967-07-03|ж|8 679 478 57 20|erofe_02@example.org
Русакова|Прасковья|Павловна|1946-07-14|ж|8 944 095 7058|burovjuli@example.com
Суворов|Пров|Чеславович|1975-04-30|м|+7 (334) 536-11-02|porfiri2006@example.org
Дьячкова|Акулина|Дмитриевна|1951-03-12|ж|8 (607) 798-35-33|djachkovprokl@example.net
Игнатова|Вера|Кузьминична|1994-11-16|ж|+7 (579) 972-23-87|kirillovostap@example.net
Авдеев|Софрон|Гаврилович|1970-07-30|м|8 162 832 59 28|svetozar25@example.com
Белозерова|Татьяна|Ефимовна|1969-11-11|ж|85732413438|urozhkova@example.com
Зыкова|Акулина|Юльевна|1946-08-05|ж|+7 (659) 051-24-97|darja_32@example.org
Герасимов|Радим|Ефремович|1941-06-28|м|8 (795) 599-50-77|gurisuvorov@example.com
Котов|Трифон|Жанович|1961-08-22|м|8 (268) 927-2143|mgorbunov@example.com
Воробьева|Надежда|Степановна|1947-01-08|ж|+78850548560|tkalashnikova@example.com
Дорофеев|Селиван|Измаилович|1957-01-18|м|+7 505 564 1674|kolesnikovzinovi@example.net
Кононова|Раиса|Филипповна|1967-09-08|ж|8 154 801 72 29|evgeni19@example.net
Голубева|Агафья|Альбертовна|1976-08-04|ж|86376886440|xkornilova@example.org
Агафонова|Елизавета|Григорьевна|1960-03-13|ж|+7 202 328 01 84|foka_2000@example.net
Устинова|Ульяна|Викторовна|1966-04-13|ж|+7 698 396 67 91|vasili1990@example.org
Артемьев|Капитон|Валентинович|1945-05-20|м|+7 490 530 19 85|martinovparfen@example.net
Ситникова|Екатерина|Наумовна|1956-03-09|ж|8 (850) 974-3056|molchanovapraskovja@example.net
Воробьева|Феврония|Степановна|1997-03-11|ж|8 (461) 605-1351|zuevsidor@example.net
Цветкова|Тамара|Вениаминовна|1959-06-13|ж|8 232 775 7174|kononovartem@example.net
Сидорова|Олимпиада|Леоновна|1994-03-24|ж|83369008471|faina_83@example.org
Власов|Эмиль|Федотович|1974-06-04|м|+7 (587) 239-8867|yvorontsova@example.net
Данилова|Кира|Юрьевна|1962-12-02|ж|84645988427|qkulagina@example.net
Воронцов|Всеслав|Дорофеевич|1992-10-13|м|8 970 489 6873|efim1987@example.net
Рябов|Бажен|Феодосьевич|1988-09-16|м|8 142 179 6980|ekomarov@example.com
Лихачева|Наина|Олеговна|1960-11-07|ж|8 (316) 676-30-82|silantikulikov@example.net
Федотов|Епифан|Измаилович|1989-12-17|м|8 (257) 389-76-06|boleslav_1989@example.org
Буров|Любим|Денисович|1971-07-28|м|+7 (094) 536-5926|natalja1979@example.org
Калинина|Евдокия|Афанасьевна|1969-04-13|ж|+7 (046) 792-17-65|knjazevharlampi@example.org
Костин|Поликарп|Гурьевич|1962-03-21|м|8 863 830 3576|nosovkliment@example.net
Крюков|Иннокентий|Эдгардович|1957-10-07|м|+7 090 657 46 78|osipovernst@example.net
Лапина|Анастасия|Робертовна|1970-03-14|ж|+7 (045) 797-30-48|natan_2012@example.org
Гуляева|Регина|Алексеевна|1982-07-15|ж|8 (201) 906-84-81|vishnjakovapraskovja@example.org
Шашкова|Евфросиния|Викторовна|1963-04-27|ж|+7 885 572 09 21|petuhovazoja@example.net
Сорокин|Велимир|Харитонович|1967-10-22|м|8 (532) 975-7230|valerjan18@example.com
Тетерина|София|Романовна|1942-10-08|ж|8 755 356 3757|silvestr34@example.org
Ширяев|Степан|Данилович|1945-01-24|м|+78745144751|vsemil1998@example.net
Архипова|Алла|Харитоновна|1949-02-13|ж|8 391 394 65 96|lev66@example.org
Шилов|Савва|Гаврилович|1998-08-13|м|86338853048|kuzmakalinin@example.net
Абрамов|Ким|Августович|1982-04-05|м|+7 (791) 131-8903|melnikovfortunat@example.org
Зайцев|Мартьян|Фокич|1963-07-22|м|8 005 460 97 63|pkolesnikova@example.org
Филатова|Евфросиния|Петровна|1944-10-18|ж|+7 (747) 743-7896|sila_1986@example.com
Мельников|Герасим|Тарасович|1989-01-08|м|8 (027) 546-6660|evstafi_38@example.com
Воробьев|Климент|Антипович|1945-08-23|м|89905566607|iosif_75@example.net
Наумов|Никодим|Адамович|1946-07-11|м|8 388 781 48 85|julija2019@example.org
Шестакова|Иванна|Эдуардовна|1999-01-04|ж|+7 (182) 920-4983|vera2020@example.net
Шарапов|Ерофей|Артемьевич|1978-09-09|м|8 (759) 899-28-39|nikifor1973@example.com
Давыдова|Нонна|Владиславовна|1961-08-20|ж|+74223061337|pahomponomarev@example.net
Пономарев|Панкратий|Аверьянович|1946-03-29|м|8 (141) 517-63-24|bobrovnarkis@example.org
Меркушев|Святополк|Валерьянович|1943-05-22|м|87186385724|kalininradim@example.org
Бобылева|Марина|Натановна|1955-05-10|ж|+7 (154) 124-8634|agap24@example.net
Сергеева|Зинаида|Натановна|1992-06-21|ж|8 124 650 5597|pavel_1987@example.org
Колесникова|Светлана|Андреевна|1964-05-10|ж|80350498867|birjukovamarija@example.com
Шашков|Роман|Артемьевич|1980-07-08|м|+7 (672) 431-64-69|valerija83@example.com
Шубина|Александра|Викторовна|1945-11-29|ж|8 339 769 2542|kopilovsevastjan@example.net
Нестеров|Фрол|Терентьевич|1987-01-14|м|+7 (805) 711-24-42|uljana1989@example.net
Суханова|Надежда|Александровна|1992-03-08|ж|+7 (379) 301-41-18|savinfeoktist@example.org
Носов|Фирс|Феоктистович|1955-07-08|м|8 (182) 936-6270|angelina_14@example.org
Медведева|Виктория|Геннадьевна|1965-11-29|ж|8 632 584 06 26|dorofeevaglafira@example.net
Константинова|Варвара|Ждановна|1973-06-05|ж|+77021052704|oleg_21@example.net
Чернов|Ипатий|Артемьевич|1991-03-03|м|+76189066537|sergeevefim@example.com
Субботин|Мирослав|Афанасьевич|1962-07-23|м|8 (865) 465-77-29|kononovaaleksandra@example.net
Гусев|Родион|Денисович|1991-03-26|м|8 866 142 64 64|spartakvinogradov@example.net
Виноградов|Фотий|Адамович|1971-06-17|м|+7 (432) 797-5962|drozdovsigizmund@example.org
Фадеева|Элеонора|Васильевна|1972-02-24|ж|+75275257749|lukasamsonov@example.org
Самойлов|Федор|Арсеньевич|1968-12-15|м|+7 (930) 852-3518|uvarovakira@example.org
Самойлова|Эмилия|Ждановна|1962-09-05|ж|8 (026) 028-6882|aleksandra74@example.org
Зайцев|Вышеслав|Зиновьевич|1948-09-28|м|+7 (921) 689-8216|gleb_53@example.com
Колобова|Ольга|Эдуардовна|1981-04-09|ж|+7 (091) 290-6476|sila2019@example.org
Тимофеева|Тамара|Аркадьевна|1956-06-08|ж|83355690271|ananizhuravlev@example.net
Пахомова|Акулина|Владимировна|1990-02-20|ж|+7 (892) 564-3951|wfedotov@example.com
Кузнецов|Пимен|Владиславович|1986-12-01|м|8 973 568 8745|zuevosip@example.org
Мельников|Евстигней|Григорьевич|1992-08-11|м|85112121100|isakovnaum@example.com
Кондратьев|Гордей|Демьянович|1972-12-27|м|8 (225) 864-16-56|evlampidjachkov@example.org
Дьячкова|Феврония|Федоровна|1962-03-18|ж|+7 (621) 401-4766|xmoiseev@example.com
Смирнов|Наум|Артемьевич|1951-04-19|м|+7 941 823 6891|bolshakovaolimpiada@example.com
Овчинников|Ульян|Арсенович|1987-07-02|м|+70580890742|ermola48@example.net
Владимиров|Прокл|Борисович|1954-09-04|м|+7 (378) 098-41-46|vlas1975@example.com
Фокин|Юрий|Марсович|1990-01-17|м|8 998 003 5527|pavlovaverjan@example.org
Доронин|Давыд|Андреевич|1990-01-12|м|8 112 766 87 84|evse55@example.net
Пахомова|Иванна|Павловна|1996-06-23|ж|8 (798) 968-97-20|nosovafevronija@example.net
Зайцева|Зинаида|Наумовна|1975-03-07|ж|87842852091|frol_2005@example.net
Журавлева|Фёкла|Тимофеевна|1969-07-21|ж|+7 (634) 587-7412|onufriromanov@example.net
Кабанов|Устин|Филимонович|1948-12-02|м|+7 982 147 8628|ipahomova@example.net
Кабанова|Анастасия|Даниловна|1980-03-10|ж|83557788606|zahar_03@example.net
Кузьмина|Екатерина|Натановна|1957-04-25|ж|8 (336) 256-5454|guri_2015@example.org
Шестаков|Евлампий|Феодосьевич|1951-09-09|м|8 045 177 05 26|eduard_1971@example.com
Трофимова|Ирина|Семеновна|2000-09-28|ж|8 218 940 6369|polikarp1992@example.com
Воробьева|Евфросиния|Эдуардовна|1976-11-16|ж|+79406946043|pahomkonstantinov@example.net
Рябова|Ирина|Константиновна|1964-07-20|ж|+7 (512) 204-1346|akulina_2016@example.org
Баранов|Мефодий|Всеволодович|1977-04-29|м|8 468 109 5294|makar_2016@example.net
Давыдова|Надежда|Натановна|1969-06-22|ж|+7 902 977 53 55|vishnjakovparamon@example.com
Ситников|Прокл|Филимонович|1949-07-09|м|8 191 076 54 61|qmedvedeva@example.com
Гуляев|Зиновий|Васильевич|1973-12-19|м|85821447487|agafon1982@example.org
Максимова|Алевтина|Владимировна|1996-08-29|ж|+7 367 320 75 91|pestovmihe@example.com
Бирюков|Спиридон|Андреевич|1983-04-16|м|8 836 934 25 46|gorde2019@example.com
Марков|Любосмысл|Германович|1983-02-05|м|+7 (303) 038-97-14|grigori_69@example.org
Русаков|Ерофей|Авдеевич|1944-04-23|м|8 (623) 196-3928|gushchinnikifor@example.net
Рожков|Фока|Елисеевич|1965-03-06|м|+7 922 301 5248|sergenoskov@example.net
Чернов|Андрей|Фадеевич|1982-02-08|м|8 204 446 3861|anisim_38@example.com
Муравьев|Ульян|Валерьевич|1971-11-26|м|+7 984 639 00 46|agap1985@example.org
Матвеева|Наталья|Викторовна|1997-02-19|ж|+73507094348|vsevolod19@example.com
Коновалов|Михаил|Фролович|1989-11-26|м|+7 (577) 045-97-25|lebedevmiron@example.net
Фомичева|Евпраксия|Леонидовна|1963-10-25|ж|8 668 349 34 16|valentina56@example.net
Орехов|Мефодий|Архипович|1998-09-28|м|+7 (651) 525-6994|foma_26@example.net
Суворова|Александра|Николаевна|1954-04-15|ж|+7 (903) 462-76-24|golubevhariton@example.com
Родионов|Эммануил|Гурьевич|1976-07-21|м|8 371 243 04 34|afedorov@example.com
Козлов|Мина|Авдеевич|1965-02-19|м|8 123 256 8367|fevronija_1984@example.org
Галкина|Синклитикия|Руслановна|1978-01-03|ж|+7 (535) 423-5868|djachkovmitofan@example.com
Павлова|Анна|Ильинична|1966-10-08|ж|+7 007 663 3891|firs_1990@example.org
Шаров|Владислав|Антипович|2000-10-12|м|8 (286) 676-8067|kondrat71@example.com
Рожкова|Ольга|Валентиновна|1954-07-05|ж|8 (339) 479-49-98|beljakovaemilija@example.com
Петухова|Надежда|Альбертовна|1947-12-05|ж|+7 (146) 818-24-00|melnikovspiridon@example.net
Кондратьев|Авдей|Эдгарович|1965-08-02|м|8 369 289 6931|veniamin51@example.org
Коновалов|Тарас|Трофимович|1971-03-16|м|8 963 992 39 72|shchukinflorentin@example.net
Воронова|Анжела|Филипповна|1943-05-30|ж|8 (848) 096-0955|shilovaristarh@example.com
Федоров|Селиван|Харлампьевич|1978-10-24|м|8 296 243 71 00|orlovsidor@example.org
Ильин|Антонин|Абрамович|1994-04-26|м|8 (533) 543-07-37|kuprijanvoronov@example.org
Горбачев|Фрол|Георгиевич|1998-05-23|м|+72720901170|spiridon97@example.net
Шарова|Алина|Эдуардовна|1951-01-16|ж|8 661 607 64 75|akulina_2001@example.com
Третьяков|Иван|Артёмович|1992-04-05|м|+74938596269|izot_38@example.org
Носкова|Людмила|Федоровна|1969-05-14|ж|+7 617 885 1542|szuev@example.org
Исаева|Юлия|Архиповна|1952-10-05|ж|86010625031|upahomov@example.net
Шашков|Агафон|Марсович|1956-04-16|м|+73770272969|prohorovilja@example.org
Петров|Остап|Филиппович|1957-03-02|м|+7 (020) 989-42-06|evse_23@example.net
Быкова|Ксения|Максимовна|2000-02-17|ж|+7 097 719 1483|erast78@example.net
Рыбаков|Любосмысл|Гертрудович|1993-09-27|м|+7 (403) 772-8374|gordeevavtonom@example.com
Наумов|Никодим|Матвеевич|1941-09-06|м|+77408031187|aleksandra2015@example.org
Кириллова|Майя|Кузьминична|1954-07-13|ж|+7 (705) 125-62-18|evgenija1977@example.net
Зыкова|Анна|Валентиновна|1960-05-16|ж|89598881615|juri2002@example.net
Кудрявцева|Евфросиния|Тимуровна|1994-12-27|ж|+7 810 315 80 33|jakovlevtverdislav@example.com
Буров|Панкрат|Жоресович|1945-06-30|м|+7 153 075 4969|sila36@example.org
Чернов|Ростислав|Августович|1998-10-23|м|+7 021 560 0482|agge_60@example.net
Красильников|Парамон|Владиславович|1980-07-17|м|+76977738088|terenti1990@example.com
Колесников|Трофим|Фокич|1958-04-24|м|88814842358|olimpi_1987@example.com
Доронин|Мир|Якубович|1974-05-10|м|8 687 271 5694|amos2008@example.com
Медведева|Ксения|Ивановна|1988-05-24|ж|8 (413) 476-3684|teterinvarfolome@example.org
Данилов|Гедеон|Владиславович|1955-05-08|м|+7 529 424 5519|marina1975@example.net
Русакова|Анжела|Ниловна|1966-02-01|ж|+7 823 611 5370|medvedevvarlaam@example.com
Агафонов|Климент|Гаврилович|1948-08-31|м|85566950332|uljan1982@example.net
Мясников|Захар|Афанасьевич|1999-08-15|м|8 810 804 8721|orest47@example.net
Андреев|Пантелеймон|Ефимович|1947-09-26|м|+7 837 986 6763|ljubim1980@example.org
Фомичев|Ладимир|Трофимович|1956-01-30|м|8 (245) 182-35-84|zoja41@example.net
Маслова|Василиса|Аркадьевна|1968-05-15|ж|+7 (909) 508-02-50|solomon_1990@example.net
Белозерова|Лора|Александровна|1955-01-07|ж|8 (382) 940-10-20|cbelova@example.org
Агафонова|Пелагея|Владимировна|1970-06-18|ж|8 (682) 202-71-13|polikarp_59@example.org
Лаврентьева|Александра|Егоровна|1966-03-29|ж|80815377169|larionovevstafi@example.org
Анисимов|Макар|Васильевич|1993-03-15|м|+72813629330|bobrovmechislav@example.org
Селиверстова|Вера|Филипповна|1990-01-16|ж|+7 (423) 195-6069|fedotovaleksandr@example.com
Сысоева|Феврония|Эльдаровна|1991-04-25|ж|8 267 879 71 32|irakli1970@example.net
Захаров|Аким|Измаилович|1957-02-20|м|+7 (049) 479-82-36|timurborisov@example.org
Бобылев|Сильвестр|Эдгарович|1950-03-05|м|8 (325) 871-39-03|vladilen92@example.com
Михеева|Ия|Юрьевна|1960-01-21|ж|+7 (405) 308-4906|averjan2020@example.org
Бобылев|Иосиф|Ааронович|1993-02-03|м|+7 (842) 047-90-85|romanzimin@example.org
Баранова|Полина|Семеновна|1985-04-09|ж|8 (234) 106-42-12|anikitasavin@example.net
Никонов|Мечислав|Ефстафьевич|1953-05-16|м|8 (442) 162-25-50|semen1989@example.org
Мишина|Светлана|Геннадиевна|1982-03-24|ж|8 (797) 780-09-31|gromovazinaida@example.com
Степанова|Лидия|Ждановна|1947-03-02|ж|8 (665) 636-04-09|anisimovalora@example.com
Жданов|Самуил|Ефимьевич|1946-11-07|м|+7 594 863 4985|anzhela_08@example.org
Устинов|Святополк|Тихонович|1998-03-25|м|+7 (046) 259-60-96|gleb64@example.com
Гусева|Маргарита|Альбертовна|1995-11-24|ж|+7 181 186 4691|moke_92@example.net
Калинин|Антонин|Федосьевич|1944-12-07|м|+7 838 681 12 29|gurevaksenija@example.com
Кабанов|Трофим|Изотович|1986-04-15|м|+7 005 598 54 16|grishinaolimpiada@example.com
Юдина|Нинель|Викторовна|1975-06-03|ж|+7 286 898 96 40|zhdanovkasjan@example.com
Гусев|Пров|Геннадиевич|1957-03-23|м|8 776 920 8834|fedosi17@example.net
Петрова|Дарья|Федоровна|1943-06-17|ж|+7 266 234 92 82|medvedevsvjatoslav@example.com
Русаков|Савелий|Федосьевич|1981-07-30|м|82110204297|veselovasinklitikija@example.com
Белова|Наталья|Геннадиевна|1965-09-02|ж|+78662735352|akulina_84@example.com
Силина|Синклитикия|Владиславовна|1955-11-13|ж|8 (647) 791-5951|ernest_75@example.net
Михеева|Дарья|Петровна|1948-05-10|ж|8 (675) 699-5084|klavdi76@example.org
Рябов|Изяслав|Ермилович|1990-02-18|м|8 (935) 160-5809|konstantinovjan@example.org
Лапина|Прасковья|Рудольфовна|1979-02-12|ж|+7 535 336 9199|ynovikova@example.org
Моисеев|Лаврентий|Трофимович|1952-05-14|м|8 228 135 8153|mmolchanov@example.org
Марков|Рубен|Даниилович|1987-04-03|м|8 (000) 086-3812|ustin_84@example.com
Стрелков|Наум|Германович|1987-07-13|м|8 (909) 354-11-33|ilinapolina@example.com
Гуляев|Фома|Фёдорович|1957-08-01|м|+7 631 174 28 61|krilovapraskovja@example.org
Сидоров|Радован|Власович|1955-08-06|м|+7 (248) 600-96-88|kulaginaagafja@example.com
Артемьев|Артем|Аверьянович|1970-04-15|м|+71765534985|grigorevakira@example.com
Нестеров|Орест|Александрович|1946-12-28|м|8 117 931 9295|sobolevmilen@example.org
Волков|Анисим|Эдгардович|1969-11-27|м|8 901 537 9709|trofimbolshakov@example.com
Самойлова|Александра|Макаровна|1969-12-06|ж|8 (383) 437-4731|saveli_90@example.org
Никонова|Нинель|Аркадьевна|1971-12-20|ж|+75942008423|sergeevasofija@example.net
Корнилов|Сила|Филимонович|1950-06-08|м|8 (994) 789-9476|mihail1976@example.com
Кириллов|Филипп|Филатович|1950-05-08|м|+7 562 500 36 80|savelevterenti@example.com
Сафонова|Маргарита|Владимировна|1946-11-30|ж|+7 (832) 458-66-14|semen_37@example.com
Быкова|Фаина|Вениаминовна|1945-02-19|ж|+7 820 935 1398|david_48@example.org
Дроздов|Феофан|Германович|1981-06-14|м|+7 (303) 383-2994|ermola1970@example.org
Фомичев|Остромир|Ильясович|1943-02-21|м|+7 961 186 7960|alina41@example.org
Большакова|Майя|Яковлевна|1975-08-21|ж|8 (126) 037-8937|nikodim1972@example.com
Гуляев|Ферапонт|Арсенович|1946-06-14|м|+7 781 058 0603|lidija33@example.com
Шарапов|Никон|Федосьевич|1958-07-30|м|+77195866965|longin2009@example.com
Капустин|Никифор|Иларионович|1984-01-23|м|+7 (740) 293-28-87|vlasovasofija@example.com
Артемьев|Святослав|Григорьевич|1963-02-08|м|+7 (996) 790-59-39|edanilova@example.net
Лыткина|Ирина|Олеговна|1979-03-05|ж|8 (970) 422-4636|bbobrova@example.com
Суханов|Рюрик|Вилорович|1997-07-11|м|8 652 717 58 46|evgrafvlasov@example.net
Филиппов|Ян|Гавриилович|1942-03-09|м|+71488009955|evgrafzatsev@example.org
Шилова|Феврония|Яковлевна|1955-12-11|ж|+7 (959) 351-0211|radovan1970@example.org
Гуляева|Нонна|Семеновна|1971-06-15|ж|+7 (624) 462-3703|leon1981@example.net
Белякова|Александра|Матвеевна|1941-02-09|ж|+7 187 783 8464|vladilen1997@example.org
Колесников|Родион|Артурович|1962-11-24|м|8 667 629 2234|selivan_1974@example.net
Самсонов|Филипп|Ильясович|1957-04-01|м|8 090 385 01 85|drozdovaverjan@example.org
Алексеева|Виктория|Ильинична|1980-07-26|ж|8 360 292 3577|juri42@example.net
Матвеева|София|Наумовна|1945-05-17|ж|+7 (726) 144-12-99|zaharovvladlen@example.net
Александрова|Алла|Ефимовна|1969-10-20|ж|+7 (052) 962-5423|isa_17@example.org
Колесников|Панфил|Жоресович|1960-04-11|м|+79494155427|oktjabrina_68@example.net
Шилов|Климент|Якубович|1965-05-10|м|+7 523 356 18 06|vjacheslav2015@example.net
Зуев|Денис|Денисович|1979-05-25|м|8 (458) 100-1036|markovaanna@example.com
Рябова|Лидия|Макаровна|1958-09-25|ж|+75123599051|maja_67@example.org
Фомичева|Любовь|Архиповна|1983-02-06|ж|8 052 246 50 11|klavdija_12@example.org
Воронов|Карл|Фокич|1950-08-29|м|8 701 349 54 65|orehovpankrat@example.com
Никонов|Евдоким|Артемьевич|1969-01-08|м|8 (432) 166-68-69|tatjana_1975@example.org
Воробьева|Ирина|Аркадьевна|1956-02-10|ж|8 (373) 603-27-47|longinfedotov@example.net
Щербакова|Анжелика|Святославовна|1971-07-01|ж|+7 403 450 41 94|nosovaoksana@example.net
Ширяева|Таисия|Рубеновна|1956-01-12|ж|+7 (870) 447-14-16|ipatbelousov@example.org
Волков|Роман|Данилович|1973-08-22|м|8 201 525 8541|avtonom_2013@example.com
Ермакова|Марина|Александровна|1948-03-27|ж|83965590189|subbotinmoke@example.com
Кулакова|Фаина|Георгиевна|1966-01-02|ж|8 404 101 02 43|nikifor_74@example.net
Кабанова|Синклитикия|Харитоновна|1991-11-09|ж|+7 882 384 71 31|zahar2010@example.net
Евсеев|Мина|Харлампович|1975-05-31|м|+7 (997) 128-8524|lev_2013@example.org
Козлов|Карп|Ааронович|1998-10-24|м|+7 (817) 041-2279|adam_11@example.org
Гордеева|Анастасия|Владимировна|1991-07-03|ж|8 875 239 2592|olimpi_86@example.org
Филиппов|Всеволод|Бенедиктович|1965-11-08|м|+76372920537|grishinauljana@example.org
Суворова|Нина|Наумовна|2000-07-01|ж|+71330618527|radim_2003@example.net
Третьяков|Иларион|Давыдович|1944-11-07|м|8 890 843 2837|nfilatov@example.net
Ширяев|Пантелеймон|Трофимович|1960-08-26|м|8 (625) 623-41-75|danila_1989@example.com
Казаков|Якуб|Викторович|1947-03-12|м|+7 (025) 989-6014|fabramov@example.com
Пономарев|Спартак|Ермилович|1973-11-02|м|+7 245 710 3653|david_61@example.org
Смирнов|Ипполит|Иосипович|1974-06-06|м|84891983997|imorozov@example.com
Федосеева|Ираида|Ильинична|1974-12-23|ж|89629790647|prohorovsilvestr@example.com
Никонов|Мина|Ильич|1941-08-19|м|+7 (886) 422-93-78|ivan2013@example.org
Власов|Бронислав|Ааронович|1985-12-20|м|+7 (587) 355-2673|afanasevanonna@example.com
Гаврилова|Светлана|Антоновна|1990-04-18|ж|8 (298) 353-97-70|kulaginkonon@example.net
Кудряшов|Арефий|Владленович|2000-11-06|м|88830903378|titovaevdokija@example.com
Гущина|Агафья|Тарасовна|1973-04-10|ж|8 (792) 522-53-30|pelageja_1986@example.net
Поляков|Аристарх|Фомич|1990-11-24|м|82413469378|regina41@example.net
Поляков|Милован|Архипович|1941-07-02|м|+7 (371) 653-77-77|borislav1975@example.org
Молчанов|Капитон|Всеволодович|1999-02-06|м|+7 (137) 345-60-73|ivanna27@example.com
Воробьев|Арефий|Эдуардович|1986-05-13|м|8 (169) 456-97-03|averjan81@example.org
Силин|Ким|Ерофеевич|1952-10-20|м|+74150692296|gurifedotov@example.org
Комиссаров|Авксентий|Харлампович|1958-09-25|м|+7 (311) 700-52-07|ratmirlarionov@example.org
Авдеева|Наина|Наумовна|1959-03-31|ж|+7 (573) 597-34-56|david42@example.com
Никифоров|Ипат|Эдгарович|1952-04-25|м|+7 (339) 652-9298|lavrentevaelizaveta@example.org
Казаков|Вениамин|Иларионович|1965-01-31|м|89587762610|jakubsubbotin@example.net
Исаева|Юлия|Наумовна|1978-10-18|ж|8 452 482 47 84|mbeljaeva@example.com
Семенова|Александра|Алексеевна|1966-05-04|ж|8 (064) 819-17-51|lukija12@example.net
Куликова|Антонина|Геннадьевна|1974-03-10|ж|+7 (386) 356-41-65|vlas34@example.net
Щукина|Татьяна|Ниловна|1942-07-27|ж|+7 (225) 713-0972|zinovevaninel@example.net
Михеева|Ульяна|Максимовна|1983-08-18|ж|+7 (886) 274-83-58|markovaivanna@example.com
Макаров|Захар|Фадеевич|1994-09-21|м|8 282 277 93 18|vbobileva@example.org
Тарасова|Глафира|Никифоровна|1963-08-04|ж|83108613432|lavr_1977@example.net
Блинова|Фаина|Петровна|1994-06-24|ж|+7 (815) 211-7666|cheslav_77@example.org
Казаков|Игорь|Гордеевич|1997-05-02|м|81964134938|mihalovsamuil@example.org
Калашников|Ким|Гурьевич|1949-04-08|м|8 (756) 359-70-92|evgeni26@example.net
Терентьева|Татьяна|Макаровна|1968-03-08|ж|8 (323) 352-13-97|mechislavefimov@example.com
Мишин|Валентин|Фокич|1978-12-22|м|+76290251624|trofim2012@example.org
Селиверстова|Виктория|Анатольевна|1945-01-17|ж|85705081844|velimirnaumov@example.org
Горшков|Фрол|Данилович|1964-04-09|м|8 (162) 388-47-52|svetozar_2015@example.com
Белякова|Нинель|Михайловна|1954-07-02|ж|+7 262 545 0198|anikita_2015@example.net
Попова|Милица|Семеновна|1967-03-03|ж|+7 (725) 482-00-27|jaroslavgorbachev@example.com
Гуляев|Руслан|Тихонович|1967-03-28|м|+7 377 775 48 16|seliverst_01@example.org
Гришина|Полина|Григорьевна|1947-07-01|ж|81808222300|sharapovaveronika@example.org
Куликова|Анжелика|Яковлевна|1957-02-02|ж|+7 (355) 208-73-60|zhuravlevladimir@example.com
Терентьева|Лидия|Михайловна|1965-01-16|ж|+7 437 434 9824|vinogradovaalla@example.org
Савина|Виктория|Эльдаровна|1979-05-19|ж|8 072 391 92 68|jakubdmitriev@example.net
Филиппов|Арсений|Демьянович|2000-09-20|м|+78356528177|radovanvishnjakov@example.com
Ильина|Вероника|Геннадьевна|2000-10-29|ж|+7 (231) 016-17-60|emmanuilfilippov@example.org
Муравьева|Регина|Андреевна|1978-08-23|ж|8 216 725 05 00|prokofi1998@example.com
Волкова|Мария|Ждановна|1985-08-05|ж|8 (527) 584-51-65|elena_59@example.org
Миронов|Валерьян|Анисимович|1969-05-19|м|8 (197) 553-06-84|feofan2013@example.net
Орлов|Лазарь|Артёмович|1951-04-27|м|8 (293) 484-5936|ladislav2013@example.net
Рябова|Глафира|Петровна|1988-08-21|ж|8 (332) 990-1853|efim_1994@example.com
Лапин|Елисей|Яковлевич|1977-04-05|м|+7 (570) 115-72-85|jan13@example.com
Кулакова|Евфросиния|Григорьевна|1964-01-08|ж|8 (535) 929-94-14|markgalkin@example.org
Ермакова|Антонина|Робертовна|1954-08-01|ж|8 (763) 934-1668|ibeljakova@example.org
Михайлов|Галактион|Владленович|1985-05-16|м|+78569583434|leonidmaksimov@example.net
Крюков|Евлампий|Тихонович|1977-06-02|м|+7 662 617 7185|morozovapraskovja@example.com
Лаврентьев|Кир|Валерьянович|1945-07-05|м|+70819459314|mitofan1992@example.net
Сидорова|Милица|Юльевна|1954-03-21|ж|80127099487|tretjakovavtonom@example.org
Ермаков|Кир|Григорьевич|1997-11-09|м|+7 (860) 600-6069|strelkovaljudmila@example.org
Гришин|Михаил|Антонович|1964-05-03|м|82589643800|foka99@example.com
Панфилова|Ксения|Вадимовна|1976-12-28|ж|+7 (476) 615-8361|evlampi76@example.org
Никонова|Наталья|Мироновна|1968-07-28|ж|8 (075) 594-09-16|izmail_93@example.net
Дементьев|Владилен|Власович|1947-11-01|м|+7 (377) 012-1550|oleg_1998@example.org
Костин|Агап|Эдгардович|1966-07-26|м|8 772 594 1508|artemi_60@example.org
Жданов|Спартак|Феофанович|1955-05-30|м|8 (104) 341-62-09|larisa75@example.net
Стрелкова|Агафья|Романовна|1947-07-04|ж|+76628460460|belovairaida@example.com
Панова|Наина|Семеновна|1946-08-23|ж|85477481936|panfil24@example.com
Архипова|Октябрина|Юрьевна|1974-07-22|ж|+7 (549) 925-8425|marian1994@example.com
Трофимов|Эдуард|Авдеевич|1944-03-23|м|8 (742) 002-5302|oleg31@example.com
Артемьева|Таисия|Дмитриевна|1994-01-22|ж|+7 726 632 6412|gedeon98@example.org
Агафонова|Милица|Олеговна|1997-12-21|ж|+76792779097|artem1991@example.org
Богданов|Авксентий|Изотович|1960-01-24|м|+7 (072) 401-8508|dobroslav2021@example.com
Панфилова|Людмила|Юрьевна|1961-04-17|ж|8 453 303 1778|nikolaevsvjatoslav@example.com
Коновалова|Акулина|Филипповна|1946-01-26|ж|8 (752) 612-3878|harlampiabramov@example.org
Максимова|Иванна|Макаровна|1975-01-12|ж|+7 (709) 466-14-03|rostislav1999@example.com
Макаров|Венедикт|Васильевич|1947-12-26|м|+7 (439) 405-94-39|luchezar1993@example.net
Ильин|Парамон|Федосеевич|1974-02-07|м|8 422 064 34 04|erastmarkov@example.net
Дмитриева|Фёкла|Робертовна|1952-11-06|ж|+7 (267) 336-6235|evpraksija_2001@example.org
Абрамов|Ульян|Ефимьевич|1998-06-07|м|8 (169) 231-60-89|juri_2018@example.org
Петухов|Иван|Фадеевич|1988-03-18|м|8 349 103 29 78|boris2021@example.com
Власов|Владилен|Фёдорович|1943-12-25|м|8 054 217 2064|panovnikifor@example.net
Васильева|Раиса|Леоновна|1955-12-11|ж|8 863 540 0752|zzinovev@example.net
Назаров|Любим|Иосипович|1948-02-11|м|+79990582998|emil_2016@example.com
Егорова|Синклитикия|Оскаровна|1947-05-13|ж|+7 851 747 8831|agafonsorokin@example.com
Беспалов|Онуфрий|Ерофеевич|1946-09-15|м|8 (188) 961-9504|dobromislgavrilov@example.com
Моисеева|Юлия|Анатольевна|1957-11-19|ж|8 (277) 351-75-19|vsevolod28@example.org
Корнилова|Евдокия|Харитоновна|1947-09-12|ж|+7 110 553 45 91|tihonovaraisa@example.org
Кузьмина|Акулина|Владиславовна|1950-10-08|ж|+7 (866) 682-2340|maksim_25@example.org
Капустин|Потап|Федотович|1989-07-19|м|8 780 026 20 07|zhuravlevagap@example.com
Кудряшова|Евфросиния|Эльдаровна|1967-05-24|ж|8 479 936 93 27|ljubosmisl_82@example.org
Зайцева|Олимпиада|Дмитриевна|1942-01-01|ж|8 (006) 708-3944|baranovaelizaveta@example.net
Сергеев|Твердислав|Глебович|1977-08-11|м|+78957609533|rusakovakira@example.com
Горбунов|Данила|Германович|1965-04-01|м|8 (901) 897-0324|efremovcheslav@example.com
Павлова|Ульяна|Валериевна|1989-09-17|ж|+75259914622|natan43@example.com
Бирюкова|Прасковья|Степановна|1952-03-19|ж|85194190624|lora_67@example.net
Гурьев|Валерьян|Эдуардович|1945-06-23|м|+7 (217) 226-9562|lpanfilov@example.com
Буров|Моисей|Ермолаевич|1942-06-24|м|+7 413 274 91 30|pantelemonbespalov@example.org
Филиппова|Василиса|Аскольдовна|1969-12-03|ж|8 (048) 003-2091|safonovjulian@example.com
Данилов|Ефрем|Игнатьевич|1941-06-04|м|8 063 526 8945|jakubignatev@example.org
Кошелев|Радован|Герасимович|1990-02-21|м|+7 460 288 13 14|tretjakovjanuari@example.org
Евсеев|Януарий|Елисеевич|1941-06-08|м|+7 (264) 112-8541|ratibor2020@example.com
Зуева|Ирина|Юрьевна|1942-06-26|ж|+70103723583|prokofi_97@example.com
Стрелкова|Василиса|Анатольевна|1971-04-03|ж|+7 (319) 529-9782|kiselevoleg@example.org
Рябов|Рубен|Эдгардович|1974-06-26|м|+7 (009) 260-1366|vpahomova@example.net
Третьякова|Фёкла|Никифоровна|1955-01-08|ж|8 (359) 260-7925|mpanfilov@example.com
Галкина|Вероника|Макаровна|1976-09-12|ж|+7 625 459 1861|kuzminaalina@example.net
Ермаков|Кир|Вячеславович|1965-10-20|м|+7 605 765 3126|emilgromov@example.com
Зимина|Акулина|Захаровна|1996-03-18|ж|8 (872) 515-1276|kotovgorde@example.org
Крылова|Зоя|Георгиевна|1961-07-04|ж|+7 908 821 9898|molchanovaristarh@example.org
Исаков|Соломон|Эдуардович|1958-07-26|м|+7 436 557 05 40|vlas_46@example.com
Костина|Лукия|Филипповна|1947-12-20|ж|+7 441 213 4077|nikonovamargarita@example.org
Комарова|Юлия|Васильевна|1971-01-22|ж|+7 660 083 61 31|lapinrjurik@example.org
Архипов|Силантий|Бориславович|1986-03-28|м|83602348773|izjaslav1986@example.com
Белозерова|Юлия|Оскаровна|1960-07-28|ж|81707705028|klavdi63@example.net
Калинина|Нина|Яковлевна|1981-12-05|ж|8 519 733 16 35|vlasovbazhen@example.net
Жданов|Олег|Афанасьевич|1951-12-20|м|80671214408|vzaharov@example.com
Григорьев|Карп|Феликсович|1980-05-14|м|+7 024 592 00 58|rogovaelizaveta@example.net
Виноградов|Савелий|Ануфриевич|1958-05-01|м|+76494667100|anani_03@example.com
Виноградова|Пелагея|Никифоровна|1985-04-05|ж|+79001221290|moisesazonov@example.net
Гуляев|Всеслав|Ефремович|1965-06-18|м|8 (653) 260-0493|qzimina@example.org
Хохлов|Всеволод|Бориславович|1970-01-27|м|+7 (595) 255-78-68|krasilnikovjuvenali@example.com
Быков|Юлий|Георгиевич|1975-02-01|м|+7 (031) 818-3874|nonna_62@example.net
Савина|Лора|Петровна|1958-01-28|ж|+71083276761|isakovkir@example.net
Орлова|Ксения|Натановна|1982-11-06|ж|8 723 760 5557|rjabovkornil@example.com
Громов|Тарас|Измаилович|1971-12-18|м|86825052726|radovan_23@example.com
Герасимов|Аникита|Арсеньевич|1990-09-30|м|8 (357) 881-4425|jsafonova@example.org
Федосеев|Серафим|Ермолаевич|1979-12-28|м|8 (160) 933-2967|serafim_64@example.com
Сазонов|Спартак|Фомич|1970-06-18|м|8 (668) 339-2955|vjacheslav05@example.org
Панфилов|Ферапонт|Августович|1943-09-25|м|+78132638551|evstigne2016@example.com
Тихонова|Нинель|Дмитриевна|1964-12-27|ж|+7 770 577 7402|spiridon46@example.org
Воронцов|Анисим|Гаврилович|1961-09-30|м|8 (103) 182-84-00|fekla_1980@example.net
Козлов|Никанор|Августович|1972-10-11|м|8 783 147 35 77|lihachevfade@example.net
Осипова|Акулина|Ниловна|1942-01-10|ж|+7 000 691 7626|makarovanadezhda@example.com
Сергеев|Глеб|Данилович|1983-08-14|м|+7 (657) 764-4780|semen_66@example.org
Романов|Станислав|Артемьевич|1980-08-20|м|8 (918) 705-82-37|nikonovigor@example.org
Киселев|Назар|Ануфриевич|1956-02-07|м|+7 953 230 1603|tihon_33@example.com
Анисимова|Агафья|Геннадьевна|1976-05-28|ж|8 229 903 63 92|nikola_14@example.net
Молчанова|Олимпиада|Кузьминична|1981-02-23|ж|8 (438) 910-73-72|hristofor63@example.net
Белозерова|Валерия|Петровна|1961-10-01|ж|+7 (306) 580-0016|silvestr_1978@example.net
Сазонов|Никанор|Данилович|1987-11-26|м|8 (341) 281-4568|feofan1995@example.com
Якушев|Аггей|Димитриевич|1952-08-25|м|+7 (762) 167-46-91|anikita86@example.com
Степанова|Оксана|Валериевна|1990-02-16|ж|8 102 162 34 13|dkolobova@example.net
Петухова|Таисия|Яковлевна|1990-09-15|ж|8 (790) 226-4065|foma2014@example.com
Тетерина|Мария|Егоровна|1978-10-11|ж|+7 399 479 10 79|molchanovarefi@example.com
Чернова|Нонна|Павловна|1953-09-30|ж|8 (972) 908-6406|serafim1997@example.com
Агафонов|Алексей|Харлампович|1954-12-17|м|8 197 919 8766|vladilenburov@example.com
Фокина|Анжелика|Александровна|1987-03-30|ж|+7 054 004 56 15|arefi2019@example.org
Мартынов|Еремей|Владиленович|2000-04-07|м|+7 367 446 94 41|efremovnikandr@example.com
Мухина|Виктория|Алексеевна|1990-10-08|ж|8 (253) 553-6092|evstafisemenov@example.org
Козлова|Акулина|Ждановна|1990-12-17|ж|8 453 124 5171|stepanovafekla@example.net
Кудрявцев|Антонин|Ефстафьевич|1982-08-13|м|+7 599 877 94 76|izjaslavmiheev@example.com
Лапин|Стоян|Демьянович|1965-07-09|м|+70814070037|bespalovdanila@example.org
Гришин|Феликс|Елисеевич|1995-11-30|м|81681531597|ponomarevkirill@example.org
Ильин|Ипполит|Яковлевич|1993-09-08|м|+7 (215) 410-74-62|vsemil_69@example.net
Фролова|Алевтина|Захаровна|1957-07-03|ж|8 (751) 790-37-76|konon_60@example.org
Морозова|Вера|Константиновна|1992-11-23|ж|8 756 745 81 65|suvorovamarfa@example.com
Сазонов|Христофор|Федотович|1994-05-07|м|8 (064) 354-5810|simonovsemen@example.org
Назаров|Валентин|Тихонович|1987-10-09|м|+77773480373|konon_08@example.net
Марков|Леон|Архипович|1988-04-14|м|+7 (581) 912-02-72|nikonovvalentin@example.net
Бобров|Григорий|Феликсович|1973-06-20|м|8 483 871 74 22|spiridon_1972@example.com
Денисова|Майя|Максимовна|1944-05-30|ж|8 (843) 220-5703|zatsevaaleksandra@example.net
Архипова|Алевтина|Егоровна|1983-07-20|ж|+7 287 783 43 55|mirsilin@example.org
Елисеева|Ираида|Владиславовна|1958-08-11|ж|84873307938|ribakovasvetlana@example.com
Лыткин|Андрон|Ефимьевич|1982-01-27|м|+7 (273) 179-6013|qlavrentev@example.net
Галкин|Агап|Филатович|1975-01-26|м|+7 (215) 907-45-50|azari_2008@example.org
Тетерина|Александра|Вячеславовна|1983-07-26|ж|8 (069) 082-30-93|alla_1971@example.com
Дмитриева|Елизавета|Матвеевна|1960-05-25|ж|+73645811955|mironovippolit@example.org
Наумов|Каллистрат|Ермилович|1957-09-08|м|8 (309) 961-20-76|suhanovaivanna@example.com
Абрамов|Антип|Аксёнович|1956-10-05|м|8 (522) 870-58-66|eleonora_1985@example.com
Буров|Мстислав|Владленович|2000-03-01|м|8 (998) 381-45-08|sergeevafevronija@example.net
Костина|Анастасия|Кузьминична|2000-04-08|ж|8 544 295 2662|mihalovaanna@example.net
Исакова|Наина|Афанасьевна|1999-05-24|ж|8 092 512 82 82|grigorevapolina@example.org
Гусева|Лукия|Натановна|1966-12-25|ж|8 (058) 421-2872|natalja1997@example.com
Никитина|Маргарита|Станиславовна|1959-11-22|ж|+76698378922|ntitova@example.org
Давыдова|Октябрина|Архиповна|1981-03-03|ж|+7 (299) 162-0665|fade_2006@example.net
Костин|Андроник|Васильевич|1951-08-30|м|+72995236452|guljaevakira@example.net
Семенов|Радим|Фадеевич|1977-07-15|м|+7 (001) 499-4812|krjukovkondrat@example.com
Князев|Михей|Игнатович|1954-07-28|м|+7 (998) 858-51-76|eleonora1976@example.com
Алексеев|Емельян|Феодосьевич|1988-06-15|м|+7 (813) 859-98-05|beljakovfedot@example.net
Цветков|Семен|Андреевич|1946-01-30|м|8 (903) 465-52-99|valentina_95@example.org
Селезнева|Полина|Геннадиевна|1981-10-07|ж|+7 (519) 648-6505|lihachevvsevolod@example.com
Аксенова|Анна|Валериевна|1991-06-10|ж|84167565398|civanov@example.net
Носов|Сильвестр|Эдуардович|1985-09-30|м|+7 011 856 6925|andronik_1986@example.com
Беляков|Самуил|Устинович|1946-02-20|м|+73540125278|moise08@example.net
Мухина|Надежда|Оскаровна|1995-01-17|ж|8 465 178 16 36|litkinagap@example.com
Шубин|Валерий|Тимурович|1942-04-20|м|85155499948|budimirnesterov@example.net
Одинцов|Вениамин|Георгиевич|1983-09-11|м|8 947 134 24 63|paramon2007@example.org
Кузнецова|Лидия|Константиновна|1971-05-10|ж|8 (412) 767-27-76|eduard_1987@example.net
Тихонов|Станимир|Теймуразович|1983-07-21|м|+7 (546) 041-8852|ljubosmislevseev@example.net
Иванов|Всеволод|Еремеевич|1984-10-18|м|8 (068) 371-0415|julian2001@example.com
Васильева|Пелагея|Богдановна|1997-11-10|ж|+7 692 489 5984|ekaterina_80@example.com
Власова|Валентина|Артемовна|1966-08-11|ж|8 (497) 191-00-71|fokinprohor@example.org
Горбачева|Юлия|Алексеевна|1951-03-29|ж|88684635959|hariton12@example.net
Некрасов|Ладислав|Теймуразович|1979-01-08|м|86695801526|xkondratev@example.org
Панфилов|Лонгин|Матвеевич|1988-10-25|м|+7 852 885 91 98|rbeljaeva@example.org
